Copyright 1986-2018 Xilinx, Inc. All Rights Reserved.
-----------------------------------------------------------------------------------------------------------------------------------------------------------------------------------------------------
| Tool Version : Vivado v.2018.1 (win64) Build 2188600 Wed Apr  4 18:40:38 MDT 2018
| Date         : Fri May  8 19:24:35 2026
| Host         : LAPTOP-B9DFRR1L running 64-bit major release  (build 9200)
| Command      : report_timing_summary -max_paths 10 -file system_top_timing_summary_routed.rpt -pb system_top_timing_summary_routed.pb -rpx system_top_timing_summary_routed.rpx -warn_on_violation
| Design       : system_top
| Device       : 7a35t-cpg236
| Speed File   : -1  PRODUCTION 1.21 2018-02-08
-----------------------------------------------------------------------------------------------------------------------------------------------------------------------------------------------------

Timing Summary Report

------------------------------------------------------------------------------------------------
| Timer Settings
| --------------
------------------------------------------------------------------------------------------------

  Enable Multi Corner Analysis               :  Yes
  Enable Pessimism Removal                   :  Yes
  Pessimism Removal Resolution               :  Nearest Common Node
  Enable Input Delay Default Clock           :  No
  Enable Preset / Clear Arcs                 :  No
  Disable Flight Delays                      :  No
  Ignore I/O Paths                           :  No
  Timing Early Launch at Borrowing Latches   :  false

  Corner  Analyze    Analyze    
  Name    Max Paths  Min Paths  
  ------  ---------  ---------  
  Slow    Yes        Yes        
  Fast    Yes        Yes        



check_timing report

Table of Contents
-----------------
1. checking no_clock
2. checking constant_clock
3. checking pulse_width_clock
4. checking unconstrained_internal_endpoints
5. checking no_input_delay
6. checking no_output_delay
7. checking multiple_clock
8. checking generated_clocks
9. checking loops
10. checking partial_input_delay
11. checking partial_output_delay
12. checking latch_loops

1. checking no_clock
--------------------
 There are 0 register/latch pins with no clock.


2. checking constant_clock
--------------------------
 There are 0 register/latch pins with constant_clock.


3. checking pulse_width_clock
-----------------------------
 There are 0 register/latch pins which need pulse_width check


4. checking unconstrained_internal_endpoints
--------------------------------------------
 There are 0 pins that are not constrained for maximum delay.

 There are 0 pins that are not constrained for maximum delay due to constant clock.


5. checking no_input_delay
--------------------------
 There are 17 input ports with no input delay specified. (HIGH)

 There are 0 input ports with no input delay but user has a false path constraint.


6. checking no_output_delay
---------------------------
 There are 18 ports with no output delay specified. (HIGH)

 There are 0 ports with no output delay but user has a false path constraint

 There are 0 ports with no output delay but with a timing clock defined on it or propagating through it


7. checking multiple_clock
--------------------------
 There are 0 register/latch pins with multiple clocks.


8. checking generated_clocks
----------------------------
 There are 0 generated clocks that are not connected to a clock source.


9. checking loops
-----------------
 There are 0 combinational loops in the design.


10. checking partial_input_delay
--------------------------------
 There are 0 input ports with partial input delay specified.


11. checking partial_output_delay
---------------------------------
 There are 0 ports with partial output delay specified.


12. checking latch_loops
------------------------
 There are 0 combinational latch loops in the design through latch input



------------------------------------------------------------------------------------------------
| Design Timing Summary
| ---------------------
------------------------------------------------------------------------------------------------

    WNS(ns)      TNS(ns)  TNS Failing Endpoints  TNS Total Endpoints      WHS(ns)      THS(ns)  THS Failing Endpoints  THS Total Endpoints     WPWS(ns)     TPWS(ns)  TPWS Failing Endpoints  TPWS Total Endpoints  
    -------      -------  ---------------------  -------------------      -------      -------  ---------------------  -------------------     --------     --------  ----------------------  --------------------  
      3.569        0.000                      0                  168        0.185        0.000                      0                  168        4.500        0.000                       0                   105  


All user specified timing constraints are met.


------------------------------------------------------------------------------------------------
| Clock Summary
| -------------
------------------------------------------------------------------------------------------------

Clock        Waveform(ns)       Period(ns)      Frequency(MHz)
-----        ------------       ----------      --------------
sys_clk_pin  {0.000 5.000}      10.000          100.000         


------------------------------------------------------------------------------------------------
| Intra Clock Table
| -----------------
------------------------------------------------------------------------------------------------

Clock             WNS(ns)      TNS(ns)  TNS Failing Endpoints  TNS Total Endpoints      WHS(ns)      THS(ns)  THS Failing Endpoints  THS Total Endpoints     WPWS(ns)     TPWS(ns)  TPWS Failing Endpoints  TPWS Total Endpoints  
-----             -------      -------  ---------------------  -------------------      -------      -------  ---------------------  -------------------     --------     --------  ----------------------  --------------------  
sys_clk_pin         3.569        0.000                      0                  168        0.185        0.000                      0                  168        4.500        0.000                       0                   105  


------------------------------------------------------------------------------------------------
| Inter Clock Table
| -----------------
------------------------------------------------------------------------------------------------

From Clock    To Clock          WNS(ns)      TNS(ns)  TNS Failing Endpoints  TNS Total Endpoints      WHS(ns)      THS(ns)  THS Failing Endpoints  THS Total Endpoints  
----------    --------          -------      -------  ---------------------  -------------------      -------      -------  ---------------------  -------------------  


------------------------------------------------------------------------------------------------
| Other Path Groups Table
| -----------------------
------------------------------------------------------------------------------------------------

Path Group    From Clock    To Clock          WNS(ns)      TNS(ns)  TNS Failing Endpoints  TNS Total Endpoints      WHS(ns)      THS(ns)  THS Failing Endpoints  THS Total Endpoints  
----------    ----------    --------          -------      -------  ---------------------  -------------------      -------      -------  ---------------------  -------------------  


------------------------------------------------------------------------------------------------
| Timing Details
| --------------
------------------------------------------------------------------------------------------------


---------------------------------------------------------------------------------------------------
From Clock:  sys_clk_pin
  To Clock:  sys_clk_pin

Setup :            0  Failing Endpoints,  Worst Slack        3.569ns,  Total Violation        0.000ns
Hold  :            0  Failing Endpoints,  Worst Slack        0.185ns,  Total Violation        0.000ns
PW    :            0  Failing Endpoints,  Worst Slack        4.500ns,  Total Violation        0.000ns
---------------------------------------------------------------------------------------------------


Max Delay Paths
--------------------------------------------------------------------------------------
Slack (MET) :             3.569ns  (required time - arrival time)
  Source:                 U_CPU/u_pc/U1/reg_reg[2]/C
                            (rising edge-triggered cell FDCE clocked by sys_clk_pin  {rise@0.000ns fall@5.000ns period=10.000ns})
  Destination:            U_CPU/u_pc/U1/reg_reg[2]/D
                            (rising edge-triggered cell FDCE clocked by sys_clk_pin  {rise@0.000ns fall@5.000ns period=10.000ns})
  Path Group:             sys_clk_pin
  Path Type:              Setup (Max at Slow Process Corner)
  Requirement:            10.000ns  (sys_clk_pin rise@10.000ns - sys_clk_pin rise@0.000ns)
  Data Path Delay:        6.380ns  (logic 1.891ns (29.640%)  route 4.489ns (70.360%))
  Logic Levels:           6  (LUT3=1 LUT5=2 LUT6=2 MUXF7=1)
  Clock Path Skew:        0.000ns (DCD - SCD + CPR)
    Destination Clock Delay (DCD):    4.854ns = ( 14.854 - 10.000 ) 
    Source Clock Delay      (SCD):    5.152ns
    Clock Pessimism Removal (CPR):    0.298ns
  Clock Uncertainty:      0.035ns  ((TSJ^2 + TIJ^2)^1/2 + DJ) / 2 + PE
    Total System Jitter     (TSJ):    0.071ns
    Total Input Jitter      (TIJ):    0.000ns
    Discrete Jitter          (DJ):    0.000ns
    Phase Error              (PE):    0.000ns

    Location             Delay type                Incr(ns)  Path(ns)    Netlist Resource(s)
  -------------------------------------------------------------------    -------------------
                         (clock sys_clk_pin rise edge)
                                                      0.000     0.000 r  
    W5                                                0.000     0.000 r  Clk_100MHz (IN)
                         net (fo=0)                   0.000     0.000    Clk_100MHz
    W5                   IBUF (Prop_ibuf_I_O)         1.458     1.458 r  Clk_100MHz_IBUF_inst/O
                         net (fo=1, routed)           1.967     3.425    Clk_100MHz_IBUF
    BUFGCTRL_X0Y0        BUFG (Prop_bufg_I_O)         0.096     3.521 r  Clk_100MHz_IBUF_BUFG_inst/O
                         net (fo=104, routed)         1.631     5.152    U_CPU/u_pc/U1/Clk_100MHz_IBUF_BUFG
    SLICE_X64Y34         FDCE                                         r  U_CPU/u_pc/U1/reg_reg[2]/C
  -------------------------------------------------------------------    -------------------
    SLICE_X64Y34         FDCE (Prop_fdce_C_Q)         0.478     5.630 r  U_CPU/u_pc/U1/reg_reg[2]/Q
                         net (fo=12, routed)          0.859     6.489    U_CPU/u_pc/U1/pc_addr[2]
    SLICE_X60Y35         LUT3 (Prop_lut3_I0_O)        0.295     6.784 r  U_CPU/u_pc/U1/reg[2]_i_7/O
                         net (fo=12, routed)          1.031     7.815    U_CPU/u_regbank/REG7/instruction[1]
    SLICE_X61Y31         LUT6 (Prop_lut6_I2_O)        0.124     7.939 f  U_CPU/u_regbank/REG7/reg[2]_i_12/O
                         net (fo=1, routed)           0.000     7.939    U_CPU/u_regbank/REG3/reg_reg[3]_2
    SLICE_X61Y31         MUXF7 (Prop_muxf7_I1_O)      0.217     8.156 f  U_CPU/u_regbank/REG3/reg_reg[2]_i_5/O
                         net (fo=1, routed)           0.805     8.961    U_CPU/u_regbank/REG3/Y[3]
    SLICE_X61Y33         LUT6 (Prop_lut6_I0_O)        0.299     9.260 r  U_CPU/u_regbank/REG3/reg[2]_i_4/O
                         net (fo=1, routed)           0.665     9.925    U_CPU/u_inst_sel/zero_flag
    SLICE_X61Y33         LUT5 (Prop_lut5_I2_O)        0.152    10.077 r  U_CPU/u_inst_sel/reg[2]_i_3/O
                         net (fo=3, routed)           0.654    10.732    U_CPU/u_pc/U1/pc_load
    SLICE_X63Y34         LUT5 (Prop_lut5_I1_O)        0.326    11.058 r  U_CPU/u_pc/U1/reg[2]_i_2__0/O
                         net (fo=1, routed)           0.474    11.532    U_CPU/u_pc/U1/pc_next[2]
    SLICE_X64Y34         FDCE                                         r  U_CPU/u_pc/U1/reg_reg[2]/D
  -------------------------------------------------------------------    -------------------

                         (clock sys_clk_pin rise edge)
                                                     10.000    10.000 r  
    W5                                                0.000    10.000 r  Clk_100MHz (IN)
                         net (fo=0)                   0.000    10.000    Clk_100MHz
    W5                   IBUF (Prop_ibuf_I_O)         1.388    11.388 r  Clk_100MHz_IBUF_inst/O
                         net (fo=1, routed)           1.862    13.250    Clk_100MHz_IBUF
    BUFGCTRL_X0Y0        BUFG (Prop_bufg_I_O)         0.091    13.341 r  Clk_100MHz_IBUF_BUFG_inst/O
                         net (fo=104, routed)         1.513    14.854    U_CPU/u_pc/U1/Clk_100MHz_IBUF_BUFG
    SLICE_X64Y34         FDCE                                         r  U_CPU/u_pc/U1/reg_reg[2]/C
                         clock pessimism              0.298    15.152    
                         clock uncertainty           -0.035    15.117    
    SLICE_X64Y34         FDCE (Setup_fdce_C_D)       -0.016    15.101    U_CPU/u_pc/U1/reg_reg[2]
  -------------------------------------------------------------------
                         required time                         15.101    
                         arrival time                         -11.532    
  -------------------------------------------------------------------
                         slack                                  3.569    

Slack (MET) :             3.663ns  (required time - arrival time)
  Source:                 U_CPU/u_inst_sel/inst_reg_reg[13]/C
                            (rising edge-triggered cell FDRE clocked by sys_clk_pin  {rise@0.000ns fall@5.000ns period=10.000ns})
  Destination:            U_CPU/u_flags/LT_reg_reg/D
                            (rising edge-triggered cell FDCE clocked by sys_clk_pin  {rise@0.000ns fall@5.000ns period=10.000ns})
  Path Group:             sys_clk_pin
  Path Type:              Setup (Max at Slow Process Corner)
  Requirement:            10.000ns  (sys_clk_pin rise@10.000ns - sys_clk_pin rise@0.000ns)
  Data Path Delay:        6.304ns  (logic 1.530ns (24.269%)  route 4.774ns (75.731%))
  Logic Levels:           6  (LUT6=5 MUXF7=1)
  Clock Path Skew:        -0.026ns (DCD - SCD + CPR)
    Destination Clock Delay (DCD):    4.854ns = ( 14.854 - 10.000 ) 
    Source Clock Delay      (SCD):    5.154ns
    Clock Pessimism Removal (CPR):    0.274ns
  Clock Uncertainty:      0.035ns  ((TSJ^2 + TIJ^2)^1/2 + DJ) / 2 + PE
    Total System Jitter     (TSJ):    0.071ns
    Total Input Jitter      (TIJ):    0.000ns
    Discrete Jitter          (DJ):    0.000ns
    Phase Error              (PE):    0.000ns

    Location             Delay type                Incr(ns)  Path(ns)    Netlist Resource(s)
  -------------------------------------------------------------------    -------------------
                         (clock sys_clk_pin rise edge)
                                                      0.000     0.000 r  
    W5                                                0.000     0.000 r  Clk_100MHz (IN)
                         net (fo=0)                   0.000     0.000    Clk_100MHz
    W5                   IBUF (Prop_ibuf_I_O)         1.458     1.458 r  Clk_100MHz_IBUF_inst/O
                         net (fo=1, routed)           1.967     3.425    Clk_100MHz_IBUF
    BUFGCTRL_X0Y0        BUFG (Prop_bufg_I_O)         0.096     3.521 r  Clk_100MHz_IBUF_BUFG_inst/O
                         net (fo=104, routed)         1.633     5.154    U_CPU/u_inst_sel/Clk_100MHz_IBUF_BUFG
    SLICE_X64Y36         FDRE                                         r  U_CPU/u_inst_sel/inst_reg_reg[13]/C
  -------------------------------------------------------------------    -------------------
    SLICE_X64Y36         FDRE (Prop_fdre_C_Q)         0.518     5.672 r  U_CPU/u_inst_sel/inst_reg_reg[13]/Q
                         net (fo=22, routed)          1.002     6.675    U_CPU/u_inst_sel/selected_inst[13]
    SLICE_X62Y33         LUT6 (Prop_lut6_I1_O)        0.124     6.799 r  U_CPU/u_inst_sel/EQ_reg_i_11/O
                         net (fo=8, routed)           0.770     7.569    U_CPU/u_regbank/REG7/read_sel_b[1]
    SLICE_X61Y32         LUT6 (Prop_lut6_I2_O)        0.124     7.693 r  U_CPU/u_regbank/REG7/reg[3]_i_16/O
                         net (fo=1, routed)           0.000     7.693    U_CPU/u_regbank/REG3/reg_reg[3]_4
    SLICE_X61Y32         MUXF7 (Prop_muxf7_I1_O)      0.217     7.910 r  U_CPU/u_regbank/REG3/reg_reg[3]_i_10/O
                         net (fo=11, routed)          1.455     9.364    U_CPU/u_regbank/REG3/GT_reg_reg
    SLICE_X63Y35         LUT6 (Prop_lut6_I2_O)        0.299     9.663 r  U_CPU/u_regbank/REG3/EQ_reg_i_5/O
                         net (fo=5, routed)           0.846    10.509    U_CPU/u_regbank/REG3/EQ_reg_reg
    SLICE_X64Y34         LUT6 (Prop_lut6_I0_O)        0.124    10.633 r  U_CPU/u_regbank/REG3/LT_reg_i_2/O
                         net (fo=1, routed)           0.701    11.335    U_CPU/u_inst_sel/LT_u__8
    SLICE_X65Y34         LUT6 (Prop_lut6_I0_O)        0.124    11.459 r  U_CPU/u_inst_sel/LT_reg_i_1/O
                         net (fo=1, routed)           0.000    11.459    U_CPU/u_flags/LT_reg
    SLICE_X65Y34         FDCE                                         r  U_CPU/u_flags/LT_reg_reg/D
  -------------------------------------------------------------------    -------------------

                         (clock sys_clk_pin rise edge)
                                                     10.000    10.000 r  
    W5                                                0.000    10.000 r  Clk_100MHz (IN)
                         net (fo=0)                   0.000    10.000    Clk_100MHz
    W5                   IBUF (Prop_ibuf_I_O)         1.388    11.388 r  Clk_100MHz_IBUF_inst/O
                         net (fo=1, routed)           1.862    13.250    Clk_100MHz_IBUF
    BUFGCTRL_X0Y0        BUFG (Prop_bufg_I_O)         0.091    13.341 r  Clk_100MHz_IBUF_BUFG_inst/O
                         net (fo=104, routed)         1.513    14.854    U_CPU/u_flags/Clk_100MHz_IBUF_BUFG
    SLICE_X65Y34         FDCE                                         r  U_CPU/u_flags/LT_reg_reg/C
                         clock pessimism              0.274    15.128    
                         clock uncertainty           -0.035    15.093    
    SLICE_X65Y34         FDCE (Setup_fdce_C_D)        0.029    15.122    U_CPU/u_flags/LT_reg_reg
  -------------------------------------------------------------------
                         required time                         15.122    
                         arrival time                         -11.459    
  -------------------------------------------------------------------
                         slack                                  3.663    

Slack (MET) :             3.699ns  (required time - arrival time)
  Source:                 U_CPU/u_inst_sel/inst_reg_reg[7]/C
                            (rising edge-triggered cell FDRE clocked by sys_clk_pin  {rise@0.000ns fall@5.000ns period=10.000ns})
  Destination:            U_CPU/u_regbank/REG6/reg_reg[3]/D
                            (rising edge-triggered cell FDCE clocked by sys_clk_pin  {rise@0.000ns fall@5.000ns period=10.000ns})
  Path Group:             sys_clk_pin
  Path Type:              Setup (Max at Slow Process Corner)
  Requirement:            10.000ns  (sys_clk_pin rise@10.000ns - sys_clk_pin rise@0.000ns)
  Data Path Delay:        6.217ns  (logic 1.758ns (28.277%)  route 4.459ns (71.723%))
  Logic Levels:           6  (LUT5=2 LUT6=3 MUXF7=1)
  Clock Path Skew:        -0.021ns (DCD - SCD + CPR)
    Destination Clock Delay (DCD):    4.852ns = ( 14.852 - 10.000 ) 
    Source Clock Delay      (SCD):    5.147ns
    Clock Pessimism Removal (CPR):    0.274ns
  Clock Uncertainty:      0.035ns  ((TSJ^2 + TIJ^2)^1/2 + DJ) / 2 + PE
    Total System Jitter     (TSJ):    0.071ns
    Total Input Jitter      (TIJ):    0.000ns
    Discrete Jitter          (DJ):    0.000ns
    Phase Error              (PE):    0.000ns

    Location             Delay type                Incr(ns)  Path(ns)    Netlist Resource(s)
  -------------------------------------------------------------------    -------------------
                         (clock sys_clk_pin rise edge)
                                                      0.000     0.000 r  
    W5                                                0.000     0.000 r  Clk_100MHz (IN)
                         net (fo=0)                   0.000     0.000    Clk_100MHz
    W5                   IBUF (Prop_ibuf_I_O)         1.458     1.458 r  Clk_100MHz_IBUF_inst/O
                         net (fo=1, routed)           1.967     3.425    Clk_100MHz_IBUF
    BUFGCTRL_X0Y0        BUFG (Prop_bufg_I_O)         0.096     3.521 r  Clk_100MHz_IBUF_BUFG_inst/O
                         net (fo=104, routed)         1.626     5.147    U_CPU/u_inst_sel/Clk_100MHz_IBUF_BUFG
    SLICE_X60Y31         FDRE                                         r  U_CPU/u_inst_sel/inst_reg_reg[7]/C
  -------------------------------------------------------------------    -------------------
    SLICE_X60Y31         FDRE (Prop_fdre_C_Q)         0.518     5.665 r  U_CPU/u_inst_sel/inst_reg_reg[7]/Q
                         net (fo=10, routed)          1.287     6.952    U_CPU/u_inst_sel/selected_inst[7]
    SLICE_X61Y34         LUT5 (Prop_lut5_I0_O)        0.154     7.106 r  U_CPU/u_inst_sel/V_reg_i_8/O
                         net (fo=8, routed)           0.585     7.691    U_CPU/u_regbank/REG7/read_sel_a[0]
    SLICE_X60Y34         LUT6 (Prop_lut6_I4_O)        0.327     8.018 r  U_CPU/u_regbank/REG7/reg[1]_i_7/O
                         net (fo=1, routed)           0.000     8.018    U_CPU/u_regbank/REG3/reg_reg[1]_1
    SLICE_X60Y34         MUXF7 (Prop_muxf7_I1_O)      0.214     8.232 r  U_CPU/u_regbank/REG3/reg_reg[1]_i_4/O
                         net (fo=7, routed)           0.866     9.098    U_CPU/u_regbank/REG3/EQ_reg_reg_3
    SLICE_X62Y34         LUT5 (Prop_lut5_I4_O)        0.297     9.395 r  U_CPU/u_regbank/REG3/reg[3]_i_13/O
                         net (fo=3, routed)           0.420     9.815    U_CPU/u_regbank/REG3/u_alu/arith_unit/U1/C_2
    SLICE_X63Y34         LUT6 (Prop_lut6_I2_O)        0.124     9.939 r  U_CPU/u_regbank/REG3/reg[3]_i_8/O
                         net (fo=2, routed)           0.445    10.385    U_CPU/u_inst_sel/arith_result[2]
    SLICE_X63Y33         LUT6 (Prop_lut6_I4_O)        0.124    10.509 r  U_CPU/u_inst_sel/reg[3]_i_2/O
                         net (fo=9, routed)           0.856    11.364    U_CPU/u_regbank/REG6/D[3]
    SLICE_X60Y33         FDCE                                         r  U_CPU/u_regbank/REG6/reg_reg[3]/D
  -------------------------------------------------------------------    -------------------

                         (clock sys_clk_pin rise edge)
                                                     10.000    10.000 r  
    W5                                                0.000    10.000 r  Clk_100MHz (IN)
                         net (fo=0)                   0.000    10.000    Clk_100MHz
    W5                   IBUF (Prop_ibuf_I_O)         1.388    11.388 r  Clk_100MHz_IBUF_inst/O
                         net (fo=1, routed)           1.862    13.250    Clk_100MHz_IBUF
    BUFGCTRL_X0Y0        BUFG (Prop_bufg_I_O)         0.091    13.341 r  Clk_100MHz_IBUF_BUFG_inst/O
                         net (fo=104, routed)         1.511    14.852    U_CPU/u_regbank/REG6/Clk_100MHz_IBUF_BUFG
    SLICE_X60Y33         FDCE                                         r  U_CPU/u_regbank/REG6/reg_reg[3]/C
                         clock pessimism              0.274    15.126    
                         clock uncertainty           -0.035    15.091    
    SLICE_X60Y33         FDCE (Setup_fdce_C_D)       -0.028    15.063    U_CPU/u_regbank/REG6/reg_reg[3]
  -------------------------------------------------------------------
                         required time                         15.063    
                         arrival time                         -11.364    
  -------------------------------------------------------------------
                         slack                                  3.699    

Slack (MET) :             3.777ns  (required time - arrival time)
  Source:                 U_CPU/u_inst_sel/inst_reg_reg[7]/C
                            (rising edge-triggered cell FDRE clocked by sys_clk_pin  {rise@0.000ns fall@5.000ns period=10.000ns})
  Destination:            U_CPU/u_regbank/REG7/reg_reg[3]/D
                            (rising edge-triggered cell FDCE clocked by sys_clk_pin  {rise@0.000ns fall@5.000ns period=10.000ns})
  Path Group:             sys_clk_pin
  Path Type:              Setup (Max at Slow Process Corner)
  Requirement:            10.000ns  (sys_clk_pin rise@10.000ns - sys_clk_pin rise@0.000ns)
  Data Path Delay:        6.108ns  (logic 1.758ns (28.781%)  route 4.350ns (71.219%))
  Logic Levels:           6  (LUT5=2 LUT6=3 MUXF7=1)
  Clock Path Skew:        -0.022ns (DCD - SCD + CPR)
    Destination Clock Delay (DCD):    4.849ns = ( 14.849 - 10.000 ) 
    Source Clock Delay      (SCD):    5.147ns
    Clock Pessimism Removal (CPR):    0.276ns
  Clock Uncertainty:      0.035ns  ((TSJ^2 + TIJ^2)^1/2 + DJ) / 2 + PE
    Total System Jitter     (TSJ):    0.071ns
    Total Input Jitter      (TIJ):    0.000ns
    Discrete Jitter          (DJ):    0.000ns
    Phase Error              (PE):    0.000ns

    Location             Delay type                Incr(ns)  Path(ns)    Netlist Resource(s)
  -------------------------------------------------------------------    -------------------
                         (clock sys_clk_pin rise edge)
                                                      0.000     0.000 r  
    W5                                                0.000     0.000 r  Clk_100MHz (IN)
                         net (fo=0)                   0.000     0.000    Clk_100MHz
    W5                   IBUF (Prop_ibuf_I_O)         1.458     1.458 r  Clk_100MHz_IBUF_inst/O
                         net (fo=1, routed)           1.967     3.425    Clk_100MHz_IBUF
    BUFGCTRL_X0Y0        BUFG (Prop_bufg_I_O)         0.096     3.521 r  Clk_100MHz_IBUF_BUFG_inst/O
                         net (fo=104, routed)         1.626     5.147    U_CPU/u_inst_sel/Clk_100MHz_IBUF_BUFG
    SLICE_X60Y31         FDRE                                         r  U_CPU/u_inst_sel/inst_reg_reg[7]/C
  -------------------------------------------------------------------    -------------------
    SLICE_X60Y31         FDRE (Prop_fdre_C_Q)         0.518     5.665 r  U_CPU/u_inst_sel/inst_reg_reg[7]/Q
                         net (fo=10, routed)          1.287     6.952    U_CPU/u_inst_sel/selected_inst[7]
    SLICE_X61Y34         LUT5 (Prop_lut5_I0_O)        0.154     7.106 r  U_CPU/u_inst_sel/V_reg_i_8/O
                         net (fo=8, routed)           0.585     7.691    U_CPU/u_regbank/REG7/read_sel_a[0]
    SLICE_X60Y34         LUT6 (Prop_lut6_I4_O)        0.327     8.018 r  U_CPU/u_regbank/REG7/reg[1]_i_7/O
                         net (fo=1, routed)           0.000     8.018    U_CPU/u_regbank/REG3/reg_reg[1]_1
    SLICE_X60Y34         MUXF7 (Prop_muxf7_I1_O)      0.214     8.232 r  U_CPU/u_regbank/REG3/reg_reg[1]_i_4/O
                         net (fo=7, routed)           0.866     9.098    U_CPU/u_regbank/REG3/EQ_reg_reg_3
    SLICE_X62Y34         LUT5 (Prop_lut5_I4_O)        0.297     9.395 r  U_CPU/u_regbank/REG3/reg[3]_i_13/O
                         net (fo=3, routed)           0.420     9.815    U_CPU/u_regbank/REG3/u_alu/arith_unit/U1/C_2
    SLICE_X63Y34         LUT6 (Prop_lut6_I2_O)        0.124     9.939 r  U_CPU/u_regbank/REG3/reg[3]_i_8/O
                         net (fo=2, routed)           0.445    10.385    U_CPU/u_inst_sel/arith_result[2]
    SLICE_X63Y33         LUT6 (Prop_lut6_I4_O)        0.124    10.509 r  U_CPU/u_inst_sel/reg[3]_i_2/O
                         net (fo=9, routed)           0.747    11.255    U_CPU/u_regbank/REG7/D[3]
    SLICE_X61Y31         FDCE                                         r  U_CPU/u_regbank/REG7/reg_reg[3]/D
  -------------------------------------------------------------------    -------------------

                         (clock sys_clk_pin rise edge)
                                                     10.000    10.000 r  
    W5                                                0.000    10.000 r  Clk_100MHz (IN)
                         net (fo=0)                   0.000    10.000    Clk_100MHz
    W5                   IBUF (Prop_ibuf_I_O)         1.388    11.388 r  Clk_100MHz_IBUF_inst/O
                         net (fo=1, routed)           1.862    13.250    Clk_100MHz_IBUF
    BUFGCTRL_X0Y0        BUFG (Prop_bufg_I_O)         0.091    13.341 r  Clk_100MHz_IBUF_BUFG_inst/O
                         net (fo=104, routed)         1.508    14.849    U_CPU/u_regbank/REG7/Clk_100MHz_IBUF_BUFG
    SLICE_X61Y31         FDCE                                         r  U_CPU/u_regbank/REG7/reg_reg[3]/C
                         clock pessimism              0.276    15.125    
                         clock uncertainty           -0.035    15.090    
    SLICE_X61Y31         FDCE (Setup_fdce_C_D)       -0.058    15.032    U_CPU/u_regbank/REG7/reg_reg[3]
  -------------------------------------------------------------------
                         required time                         15.032    
                         arrival time                         -11.255    
  -------------------------------------------------------------------
                         slack                                  3.777    

Slack (MET) :             3.841ns  (required time - arrival time)
  Source:                 U_CPU/u_inst_sel/inst_reg_reg[7]/C
                            (rising edge-triggered cell FDRE clocked by sys_clk_pin  {rise@0.000ns fall@5.000ns period=10.000ns})
  Destination:            U_CPU/u_regbank/REG4/reg_reg[3]/D
                            (rising edge-triggered cell FDCE clocked by sys_clk_pin  {rise@0.000ns fall@5.000ns period=10.000ns})
  Path Group:             sys_clk_pin
  Path Type:              Setup (Max at Slow Process Corner)
  Requirement:            10.000ns  (sys_clk_pin rise@10.000ns - sys_clk_pin rise@0.000ns)
  Data Path Delay:        6.059ns  (logic 1.758ns (29.016%)  route 4.301ns (70.984%))
  Logic Levels:           6  (LUT5=2 LUT6=3 MUXF7=1)
  Clock Path Skew:        -0.022ns (DCD - SCD + CPR)
    Destination Clock Delay (DCD):    4.851ns = ( 14.851 - 10.000 ) 
    Source Clock Delay      (SCD):    5.147ns
    Clock Pessimism Removal (CPR):    0.274ns
  Clock Uncertainty:      0.035ns  ((TSJ^2 + TIJ^2)^1/2 + DJ) / 2 + PE
    Total System Jitter     (TSJ):    0.071ns
    Total Input Jitter      (TIJ):    0.000ns
    Discrete Jitter          (DJ):    0.000ns
    Phase Error              (PE):    0.000ns

    Location             Delay type                Incr(ns)  Path(ns)    Netlist Resource(s)
  -------------------------------------------------------------------    -------------------
                         (clock sys_clk_pin rise edge)
                                                      0.000     0.000 r  
    W5                                                0.000     0.000 r  Clk_100MHz (IN)
                         net (fo=0)                   0.000     0.000    Clk_100MHz
    W5                   IBUF (Prop_ibuf_I_O)         1.458     1.458 r  Clk_100MHz_IBUF_inst/O
                         net (fo=1, routed)           1.967     3.425    Clk_100MHz_IBUF
    BUFGCTRL_X0Y0        BUFG (Prop_bufg_I_O)         0.096     3.521 r  Clk_100MHz_IBUF_BUFG_inst/O
                         net (fo=104, routed)         1.626     5.147    U_CPU/u_inst_sel/Clk_100MHz_IBUF_BUFG
    SLICE_X60Y31         FDRE                                         r  U_CPU/u_inst_sel/inst_reg_reg[7]/C
  -------------------------------------------------------------------    -------------------
    SLICE_X60Y31         FDRE (Prop_fdre_C_Q)         0.518     5.665 r  U_CPU/u_inst_sel/inst_reg_reg[7]/Q
                         net (fo=10, routed)          1.287     6.952    U_CPU/u_inst_sel/selected_inst[7]
    SLICE_X61Y34         LUT5 (Prop_lut5_I0_O)        0.154     7.106 r  U_CPU/u_inst_sel/V_reg_i_8/O
                         net (fo=8, routed)           0.585     7.691    U_CPU/u_regbank/REG7/read_sel_a[0]
    SLICE_X60Y34         LUT6 (Prop_lut6_I4_O)        0.327     8.018 r  U_CPU/u_regbank/REG7/reg[1]_i_7/O
                         net (fo=1, routed)           0.000     8.018    U_CPU/u_regbank/REG3/reg_reg[1]_1
    SLICE_X60Y34         MUXF7 (Prop_muxf7_I1_O)      0.214     8.232 r  U_CPU/u_regbank/REG3/reg_reg[1]_i_4/O
                         net (fo=7, routed)           0.866     9.098    U_CPU/u_regbank/REG3/EQ_reg_reg_3
    SLICE_X62Y34         LUT5 (Prop_lut5_I4_O)        0.297     9.395 r  U_CPU/u_regbank/REG3/reg[3]_i_13/O
                         net (fo=3, routed)           0.420     9.815    U_CPU/u_regbank/REG3/u_alu/arith_unit/U1/C_2
    SLICE_X63Y34         LUT6 (Prop_lut6_I2_O)        0.124     9.939 r  U_CPU/u_regbank/REG3/reg[3]_i_8/O
                         net (fo=2, routed)           0.445    10.385    U_CPU/u_inst_sel/arith_result[2]
    SLICE_X63Y33         LUT6 (Prop_lut6_I4_O)        0.124    10.509 r  U_CPU/u_inst_sel/reg[3]_i_2/O
                         net (fo=9, routed)           0.697    11.206    U_CPU/u_regbank/REG4/D[3]
    SLICE_X61Y32         FDCE                                         r  U_CPU/u_regbank/REG4/reg_reg[3]/D
  -------------------------------------------------------------------    -------------------

                         (clock sys_clk_pin rise edge)
                                                     10.000    10.000 r  
    W5                                                0.000    10.000 r  Clk_100MHz (IN)
                         net (fo=0)                   0.000    10.000    Clk_100MHz
    W5                   IBUF (Prop_ibuf_I_O)         1.388    11.388 r  Clk_100MHz_IBUF_inst/O
                         net (fo=1, routed)           1.862    13.250    Clk_100MHz_IBUF
    BUFGCTRL_X0Y0        BUFG (Prop_bufg_I_O)         0.091    13.341 r  Clk_100MHz_IBUF_BUFG_inst/O
                         net (fo=104, routed)         1.510    14.851    U_CPU/u_regbank/REG4/Clk_100MHz_IBUF_BUFG
    SLICE_X61Y32         FDCE                                         r  U_CPU/u_regbank/REG4/reg_reg[3]/C
                         clock pessimism              0.274    15.125    
                         clock uncertainty           -0.035    15.090    
    SLICE_X61Y32         FDCE (Setup_fdce_C_D)       -0.043    15.047    U_CPU/u_regbank/REG4/reg_reg[3]
  -------------------------------------------------------------------
                         required time                         15.047    
                         arrival time                         -11.206    
  -------------------------------------------------------------------
                         slack                                  3.841    

Slack (MET) :             3.869ns  (required time - arrival time)
  Source:                 U_CPU/u_inst_sel/inst_reg_reg[13]/C
                            (rising edge-triggered cell FDRE clocked by sys_clk_pin  {rise@0.000ns fall@5.000ns period=10.000ns})
  Destination:            U_CPU/u_regbank/REG0/reg_reg[1]/D
                            (rising edge-triggered cell FDCE clocked by sys_clk_pin  {rise@0.000ns fall@5.000ns period=10.000ns})
  Path Group:             sys_clk_pin
  Path Type:              Setup (Max at Slow Process Corner)
  Requirement:            10.000ns  (sys_clk_pin rise@10.000ns - sys_clk_pin rise@0.000ns)
  Data Path Delay:        5.989ns  (logic 1.429ns (23.859%)  route 4.560ns (76.141%))
  Logic Levels:           5  (LUT5=1 LUT6=3 MUXF7=1)
  Clock Path Skew:        -0.043ns (DCD - SCD + CPR)
    Destination Clock Delay (DCD):    4.851ns = ( 14.851 - 10.000 ) 
    Source Clock Delay      (SCD):    5.154ns
    Clock Pessimism Removal (CPR):    0.260ns
  Clock Uncertainty:      0.035ns  ((TSJ^2 + TIJ^2)^1/2 + DJ) / 2 + PE
    Total System Jitter     (TSJ):    0.071ns
    Total Input Jitter      (TIJ):    0.000ns
    Discrete Jitter          (DJ):    0.000ns
    Phase Error              (PE):    0.000ns

    Location             Delay type                Incr(ns)  Path(ns)    Netlist Resource(s)
  -------------------------------------------------------------------    -------------------
                         (clock sys_clk_pin rise edge)
                                                      0.000     0.000 r  
    W5                                                0.000     0.000 r  Clk_100MHz (IN)
                         net (fo=0)                   0.000     0.000    Clk_100MHz
    W5                   IBUF (Prop_ibuf_I_O)         1.458     1.458 r  Clk_100MHz_IBUF_inst/O
                         net (fo=1, routed)           1.967     3.425    Clk_100MHz_IBUF
    BUFGCTRL_X0Y0        BUFG (Prop_bufg_I_O)         0.096     3.521 r  Clk_100MHz_IBUF_BUFG_inst/O
                         net (fo=104, routed)         1.633     5.154    U_CPU/u_inst_sel/Clk_100MHz_IBUF_BUFG
    SLICE_X64Y36         FDRE                                         r  U_CPU/u_inst_sel/inst_reg_reg[13]/C
  -------------------------------------------------------------------    -------------------
    SLICE_X64Y36         FDRE (Prop_fdre_C_Q)         0.518     5.672 r  U_CPU/u_inst_sel/inst_reg_reg[13]/Q
                         net (fo=22, routed)          1.178     6.850    U_CPU/u_inst_sel/selected_inst[13]
    SLICE_X62Y32         LUT6 (Prop_lut6_I1_O)        0.124     6.974 r  U_CPU/u_inst_sel/EQ_reg_i_12/O
                         net (fo=8, routed)           0.514     7.488    U_CPU/u_regbank/REG3/read_sel_b[0]
    SLICE_X60Y33         LUT6 (Prop_lut6_I4_O)        0.124     7.612 r  U_CPU/u_regbank/REG3/EQ_reg_i_7/O
                         net (fo=1, routed)           0.000     7.612    U_CPU/u_regbank/REG3/EQ_reg_i_7_n_0
    SLICE_X60Y33         MUXF7 (Prop_muxf7_I0_O)      0.241     7.853 r  U_CPU/u_regbank/REG3/EQ_reg_reg_i_3/O
                         net (fo=10, routed)          1.030     8.883    U_CPU/u_regbank/REG3/EQ_reg_reg_0
    SLICE_X62Y34         LUT5 (Prop_lut5_I1_O)        0.298     9.181 r  U_CPU/u_regbank/REG3/reg[1]_i_3/O
                         net (fo=1, routed)           0.667     9.848    U_CPU/u_inst_sel/arith_result[0]
    SLICE_X62Y34         LUT6 (Prop_lut6_I4_O)        0.124     9.972 r  U_CPU/u_inst_sel/reg[1]_i_1/O
                         net (fo=9, routed)           1.171    11.144    U_CPU/u_regbank/REG0/D[1]
    SLICE_X60Y32         FDCE                                         r  U_CPU/u_regbank/REG0/reg_reg[1]/D
  -------------------------------------------------------------------    -------------------

                         (clock sys_clk_pin rise edge)
                                                     10.000    10.000 r  
    W5                                                0.000    10.000 r  Clk_100MHz (IN)
                         net (fo=0)                   0.000    10.000    Clk_100MHz
    W5                   IBUF (Prop_ibuf_I_O)         1.388    11.388 r  Clk_100MHz_IBUF_inst/O
                         net (fo=1, routed)           1.862    13.250    Clk_100MHz_IBUF
    BUFGCTRL_X0Y0        BUFG (Prop_bufg_I_O)         0.091    13.341 r  Clk_100MHz_IBUF_BUFG_inst/O
                         net (fo=104, routed)         1.510    14.851    U_CPU/u_regbank/REG0/Clk_100MHz_IBUF_BUFG
    SLICE_X60Y32         FDCE                                         r  U_CPU/u_regbank/REG0/reg_reg[1]/C
                         clock pessimism              0.260    15.111    
                         clock uncertainty           -0.035    15.076    
    SLICE_X60Y32         FDCE (Setup_fdce_C_D)       -0.063    15.013    U_CPU/u_regbank/REG0/reg_reg[1]
  -------------------------------------------------------------------
                         required time                         15.013    
                         arrival time                         -11.144    
  -------------------------------------------------------------------
                         slack                                  3.869    

Slack (MET) :             3.975ns  (required time - arrival time)
  Source:                 U_CPU/u_inst_sel/inst_reg_reg[7]/C
                            (rising edge-triggered cell FDRE clocked by sys_clk_pin  {rise@0.000ns fall@5.000ns period=10.000ns})
  Destination:            U_CPU/u_regbank/REG1/reg_reg[3]/D
                            (rising edge-triggered cell FDCE clocked by sys_clk_pin  {rise@0.000ns fall@5.000ns period=10.000ns})
  Path Group:             sys_clk_pin
  Path Type:              Setup (Max at Slow Process Corner)
  Requirement:            10.000ns  (sys_clk_pin rise@10.000ns - sys_clk_pin rise@0.000ns)
  Data Path Delay:        5.913ns  (logic 1.758ns (29.731%)  route 4.155ns (70.269%))
  Logic Levels:           6  (LUT5=2 LUT6=3 MUXF7=1)
  Clock Path Skew:        -0.034ns (DCD - SCD + CPR)
    Destination Clock Delay (DCD):    4.853ns = ( 14.853 - 10.000 ) 
    Source Clock Delay      (SCD):    5.147ns
    Clock Pessimism Removal (CPR):    0.260ns
  Clock Uncertainty:      0.035ns  ((TSJ^2 + TIJ^2)^1/2 + DJ) / 2 + PE
    Total System Jitter     (TSJ):    0.071ns
    Total Input Jitter      (TIJ):    0.000ns
    Discrete Jitter          (DJ):    0.000ns
    Phase Error              (PE):    0.000ns

    Location             Delay type                Incr(ns)  Path(ns)    Netlist Resource(s)
  -------------------------------------------------------------------    -------------------
                         (clock sys_clk_pin rise edge)
                                                      0.000     0.000 r  
    W5                                                0.000     0.000 r  Clk_100MHz (IN)
                         net (fo=0)                   0.000     0.000    Clk_100MHz
    W5                   IBUF (Prop_ibuf_I_O)         1.458     1.458 r  Clk_100MHz_IBUF_inst/O
                         net (fo=1, routed)           1.967     3.425    Clk_100MHz_IBUF
    BUFGCTRL_X0Y0        BUFG (Prop_bufg_I_O)         0.096     3.521 r  Clk_100MHz_IBUF_BUFG_inst/O
                         net (fo=104, routed)         1.626     5.147    U_CPU/u_inst_sel/Clk_100MHz_IBUF_BUFG
    SLICE_X60Y31         FDRE                                         r  U_CPU/u_inst_sel/inst_reg_reg[7]/C
  -------------------------------------------------------------------    -------------------
    SLICE_X60Y31         FDRE (Prop_fdre_C_Q)         0.518     5.665 r  U_CPU/u_inst_sel/inst_reg_reg[7]/Q
                         net (fo=10, routed)          1.287     6.952    U_CPU/u_inst_sel/selected_inst[7]
    SLICE_X61Y34         LUT5 (Prop_lut5_I0_O)        0.154     7.106 r  U_CPU/u_inst_sel/V_reg_i_8/O
                         net (fo=8, routed)           0.585     7.691    U_CPU/u_regbank/REG7/read_sel_a[0]
    SLICE_X60Y34         LUT6 (Prop_lut6_I4_O)        0.327     8.018 r  U_CPU/u_regbank/REG7/reg[1]_i_7/O
                         net (fo=1, routed)           0.000     8.018    U_CPU/u_regbank/REG3/reg_reg[1]_1
    SLICE_X60Y34         MUXF7 (Prop_muxf7_I1_O)      0.214     8.232 r  U_CPU/u_regbank/REG3/reg_reg[1]_i_4/O
                         net (fo=7, routed)           0.866     9.098    U_CPU/u_regbank/REG3/EQ_reg_reg_3
    SLICE_X62Y34         LUT5 (Prop_lut5_I4_O)        0.297     9.395 r  U_CPU/u_regbank/REG3/reg[3]_i_13/O
                         net (fo=3, routed)           0.420     9.815    U_CPU/u_regbank/REG3/u_alu/arith_unit/U1/C_2
    SLICE_X63Y34         LUT6 (Prop_lut6_I2_O)        0.124     9.939 r  U_CPU/u_regbank/REG3/reg[3]_i_8/O
                         net (fo=2, routed)           0.445    10.385    U_CPU/u_inst_sel/arith_result[2]
    SLICE_X63Y33         LUT6 (Prop_lut6_I4_O)        0.124    10.509 r  U_CPU/u_inst_sel/reg[3]_i_2/O
                         net (fo=9, routed)           0.552    11.060    U_CPU/u_regbank/REG1/D[3]
    SLICE_X62Y33         FDCE                                         r  U_CPU/u_regbank/REG1/reg_reg[3]/D
  -------------------------------------------------------------------    -------------------

                         (clock sys_clk_pin rise edge)
                                                     10.000    10.000 r  
    W5                                                0.000    10.000 r  Clk_100MHz (IN)
                         net (fo=0)                   0.000    10.000    Clk_100MHz
    W5                   IBUF (Prop_ibuf_I_O)         1.388    11.388 r  Clk_100MHz_IBUF_inst/O
                         net (fo=1, routed)           1.862    13.250    Clk_100MHz_IBUF
    BUFGCTRL_X0Y0        BUFG (Prop_bufg_I_O)         0.091    13.341 r  Clk_100MHz_IBUF_BUFG_inst/O
                         net (fo=104, routed)         1.512    14.853    U_CPU/u_regbank/REG1/Clk_100MHz_IBUF_BUFG
    SLICE_X62Y33         FDCE                                         r  U_CPU/u_regbank/REG1/reg_reg[3]/C
                         clock pessimism              0.260    15.113    
                         clock uncertainty           -0.035    15.078    
    SLICE_X62Y33         FDCE (Setup_fdce_C_D)       -0.043    15.035    U_CPU/u_regbank/REG1/reg_reg[3]
  -------------------------------------------------------------------
                         required time                         15.035    
                         arrival time                         -11.060    
  -------------------------------------------------------------------
                         slack                                  3.975    

Slack (MET) :             3.979ns  (required time - arrival time)
  Source:                 U_CPU/u_inst_sel/inst_reg_reg[7]/C
                            (rising edge-triggered cell FDRE clocked by sys_clk_pin  {rise@0.000ns fall@5.000ns period=10.000ns})
  Destination:            U_CPU/u_regbank/REG4/reg_reg[2]/D
                            (rising edge-triggered cell FDCE clocked by sys_clk_pin  {rise@0.000ns fall@5.000ns period=10.000ns})
  Path Group:             sys_clk_pin
  Path Type:              Setup (Max at Slow Process Corner)
  Requirement:            10.000ns  (sys_clk_pin rise@10.000ns - sys_clk_pin rise@0.000ns)
  Data Path Delay:        5.905ns  (logic 1.758ns (29.770%)  route 4.147ns (70.230%))
  Logic Levels:           6  (LUT5=2 LUT6=3 MUXF7=1)
  Clock Path Skew:        -0.022ns (DCD - SCD + CPR)
    Destination Clock Delay (DCD):    4.851ns = ( 14.851 - 10.000 ) 
    Source Clock Delay      (SCD):    5.147ns
    Clock Pessimism Removal (CPR):    0.274ns
  Clock Uncertainty:      0.035ns  ((TSJ^2 + TIJ^2)^1/2 + DJ) / 2 + PE
    Total System Jitter     (TSJ):    0.071ns
    Total Input Jitter      (TIJ):    0.000ns
    Discrete Jitter          (DJ):    0.000ns
    Phase Error              (PE):    0.000ns

    Location             Delay type                Incr(ns)  Path(ns)    Netlist Resource(s)
  -------------------------------------------------------------------    -------------------
                         (clock sys_clk_pin rise edge)
                                                      0.000     0.000 r  
    W5                                                0.000     0.000 r  Clk_100MHz (IN)
                         net (fo=0)                   0.000     0.000    Clk_100MHz
    W5                   IBUF (Prop_ibuf_I_O)         1.458     1.458 r  Clk_100MHz_IBUF_inst/O
                         net (fo=1, routed)           1.967     3.425    Clk_100MHz_IBUF
    BUFGCTRL_X0Y0        BUFG (Prop_bufg_I_O)         0.096     3.521 r  Clk_100MHz_IBUF_BUFG_inst/O
                         net (fo=104, routed)         1.626     5.147    U_CPU/u_inst_sel/Clk_100MHz_IBUF_BUFG
    SLICE_X60Y31         FDRE                                         r  U_CPU/u_inst_sel/inst_reg_reg[7]/C
  -------------------------------------------------------------------    -------------------
    SLICE_X60Y31         FDRE (Prop_fdre_C_Q)         0.518     5.665 r  U_CPU/u_inst_sel/inst_reg_reg[7]/Q
                         net (fo=10, routed)          1.287     6.952    U_CPU/u_inst_sel/selected_inst[7]
    SLICE_X61Y34         LUT5 (Prop_lut5_I0_O)        0.154     7.106 r  U_CPU/u_inst_sel/V_reg_i_8/O
                         net (fo=8, routed)           0.585     7.691    U_CPU/u_regbank/REG7/read_sel_a[0]
    SLICE_X60Y34         LUT6 (Prop_lut6_I4_O)        0.327     8.018 r  U_CPU/u_regbank/REG7/reg[1]_i_7/O
                         net (fo=1, routed)           0.000     8.018    U_CPU/u_regbank/REG3/reg_reg[1]_1
    SLICE_X60Y34         MUXF7 (Prop_muxf7_I1_O)      0.214     8.232 r  U_CPU/u_regbank/REG3/reg_reg[1]_i_4/O
                         net (fo=7, routed)           0.866     9.098    U_CPU/u_regbank/REG3/EQ_reg_reg_3
    SLICE_X62Y34         LUT5 (Prop_lut5_I4_O)        0.297     9.395 r  U_CPU/u_regbank/REG3/reg[3]_i_13/O
                         net (fo=3, routed)           0.421     9.816    U_CPU/u_regbank/REG3/u_alu/arith_unit/U1/C_2
    SLICE_X63Y34         LUT6 (Prop_lut6_I5_O)        0.124     9.940 r  U_CPU/u_regbank/REG3/reg[2]_i_3__0/O
                         net (fo=1, routed)           0.151    10.092    U_CPU/u_inst_sel/arith_result[1]
    SLICE_X63Y34         LUT6 (Prop_lut6_I4_O)        0.124    10.216 r  U_CPU/u_inst_sel/reg[2]_i_1/O
                         net (fo=9, routed)           0.837    11.053    U_CPU/u_regbank/REG4/D[2]
    SLICE_X61Y32         FDCE                                         r  U_CPU/u_regbank/REG4/reg_reg[2]/D
  -------------------------------------------------------------------    -------------------

                         (clock sys_clk_pin rise edge)
                                                     10.000    10.000 r  
    W5                                                0.000    10.000 r  Clk_100MHz (IN)
                         net (fo=0)                   0.000    10.000    Clk_100MHz
    W5                   IBUF (Prop_ibuf_I_O)         1.388    11.388 r  Clk_100MHz_IBUF_inst/O
                         net (fo=1, routed)           1.862    13.250    Clk_100MHz_IBUF
    BUFGCTRL_X0Y0        BUFG (Prop_bufg_I_O)         0.091    13.341 r  Clk_100MHz_IBUF_BUFG_inst/O
                         net (fo=104, routed)         1.510    14.851    U_CPU/u_regbank/REG4/Clk_100MHz_IBUF_BUFG
    SLICE_X61Y32         FDCE                                         r  U_CPU/u_regbank/REG4/reg_reg[2]/C
                         clock pessimism              0.274    15.125    
                         clock uncertainty           -0.035    15.090    
    SLICE_X61Y32         FDCE (Setup_fdce_C_D)       -0.058    15.032    U_CPU/u_regbank/REG4/reg_reg[2]
  -------------------------------------------------------------------
                         required time                         15.032    
                         arrival time                         -11.053    
  -------------------------------------------------------------------
                         slack                                  3.979    

Slack (MET) :             3.981ns  (required time - arrival time)
  Source:                 U_CPU/u_inst_sel/inst_reg_reg[7]/C
                            (rising edge-triggered cell FDRE clocked by sys_clk_pin  {rise@0.000ns fall@5.000ns period=10.000ns})
  Destination:            U_CPU/u_regbank/REG7/reg_reg[3]_lopt_replica/D
                            (rising edge-triggered cell FDCE clocked by sys_clk_pin  {rise@0.000ns fall@5.000ns period=10.000ns})
  Path Group:             sys_clk_pin
  Path Type:              Setup (Max at Slow Process Corner)
  Requirement:            10.000ns  (sys_clk_pin rise@10.000ns - sys_clk_pin rise@0.000ns)
  Data Path Delay:        5.919ns  (logic 1.758ns (29.702%)  route 4.161ns (70.298%))
  Logic Levels:           6  (LUT5=2 LUT6=3 MUXF7=1)
  Clock Path Skew:        -0.022ns (DCD - SCD + CPR)
    Destination Clock Delay (DCD):    4.849ns = ( 14.849 - 10.000 ) 
    Source Clock Delay      (SCD):    5.147ns
    Clock Pessimism Removal (CPR):    0.276ns
  Clock Uncertainty:      0.035ns  ((TSJ^2 + TIJ^2)^1/2 + DJ) / 2 + PE
    Total System Jitter     (TSJ):    0.071ns
    Total Input Jitter      (TIJ):    0.000ns
    Discrete Jitter          (DJ):    0.000ns
    Phase Error              (PE):    0.000ns

    Location             Delay type                Incr(ns)  Path(ns)    Netlist Resource(s)
  -------------------------------------------------------------------    -------------------
                         (clock sys_clk_pin rise edge)
                                                      0.000     0.000 r  
    W5                                                0.000     0.000 r  Clk_100MHz (IN)
                         net (fo=0)                   0.000     0.000    Clk_100MHz
    W5                   IBUF (Prop_ibuf_I_O)         1.458     1.458 r  Clk_100MHz_IBUF_inst/O
                         net (fo=1, routed)           1.967     3.425    Clk_100MHz_IBUF
    BUFGCTRL_X0Y0        BUFG (Prop_bufg_I_O)         0.096     3.521 r  Clk_100MHz_IBUF_BUFG_inst/O
                         net (fo=104, routed)         1.626     5.147    U_CPU/u_inst_sel/Clk_100MHz_IBUF_BUFG
    SLICE_X60Y31         FDRE                                         r  U_CPU/u_inst_sel/inst_reg_reg[7]/C
  -------------------------------------------------------------------    -------------------
    SLICE_X60Y31         FDRE (Prop_fdre_C_Q)         0.518     5.665 r  U_CPU/u_inst_sel/inst_reg_reg[7]/Q
                         net (fo=10, routed)          1.287     6.952    U_CPU/u_inst_sel/selected_inst[7]
    SLICE_X61Y34         LUT5 (Prop_lut5_I0_O)        0.154     7.106 r  U_CPU/u_inst_sel/V_reg_i_8/O
                         net (fo=8, routed)           0.585     7.691    U_CPU/u_regbank/REG7/read_sel_a[0]
    SLICE_X60Y34         LUT6 (Prop_lut6_I4_O)        0.327     8.018 r  U_CPU/u_regbank/REG7/reg[1]_i_7/O
                         net (fo=1, routed)           0.000     8.018    U_CPU/u_regbank/REG3/reg_reg[1]_1
    SLICE_X60Y34         MUXF7 (Prop_muxf7_I1_O)      0.214     8.232 r  U_CPU/u_regbank/REG3/reg_reg[1]_i_4/O
                         net (fo=7, routed)           0.866     9.098    U_CPU/u_regbank/REG3/EQ_reg_reg_3
    SLICE_X62Y34         LUT5 (Prop_lut5_I4_O)        0.297     9.395 r  U_CPU/u_regbank/REG3/reg[3]_i_13/O
                         net (fo=3, routed)           0.420     9.815    U_CPU/u_regbank/REG3/u_alu/arith_unit/U1/C_2
    SLICE_X63Y34         LUT6 (Prop_lut6_I2_O)        0.124     9.939 r  U_CPU/u_regbank/REG3/reg[3]_i_8/O
                         net (fo=2, routed)           0.445    10.385    U_CPU/u_inst_sel/arith_result[2]
    SLICE_X63Y33         LUT6 (Prop_lut6_I4_O)        0.124    10.509 r  U_CPU/u_inst_sel/reg[3]_i_2/O
                         net (fo=9, routed)           0.558    11.066    U_CPU/u_regbank/REG7/D[3]
    SLICE_X61Y31         FDCE                                         r  U_CPU/u_regbank/REG7/reg_reg[3]_lopt_replica/D
  -------------------------------------------------------------------    -------------------

                         (clock sys_clk_pin rise edge)
                                                     10.000    10.000 r  
    W5                                                0.000    10.000 r  Clk_100MHz (IN)
                         net (fo=0)                   0.000    10.000    Clk_100MHz
    W5                   IBUF (Prop_ibuf_I_O)         1.388    11.388 r  Clk_100MHz_IBUF_inst/O
                         net (fo=1, routed)           1.862    13.250    Clk_100MHz_IBUF
    BUFGCTRL_X0Y0        BUFG (Prop_bufg_I_O)         0.091    13.341 r  Clk_100MHz_IBUF_BUFG_inst/O
                         net (fo=104, routed)         1.508    14.849    U_CPU/u_regbank/REG7/Clk_100MHz_IBUF_BUFG
    SLICE_X61Y31         FDCE                                         r  U_CPU/u_regbank/REG7/reg_reg[3]_lopt_replica/C
                         clock pessimism              0.276    15.125    
                         clock uncertainty           -0.035    15.090    
    SLICE_X61Y31         FDCE (Setup_fdce_C_D)       -0.043    15.047    U_CPU/u_regbank/REG7/reg_reg[3]_lopt_replica
  -------------------------------------------------------------------
                         required time                         15.047    
                         arrival time                         -11.066    
  -------------------------------------------------------------------
                         slack                                  3.981    

Slack (MET) :             3.990ns  (required time - arrival time)
  Source:                 U_CPU/u_inst_sel/inst_reg_reg[7]/C
                            (rising edge-triggered cell FDRE clocked by sys_clk_pin  {rise@0.000ns fall@5.000ns period=10.000ns})
  Destination:            U_CPU/u_flags/GT_reg_reg/D
                            (rising edge-triggered cell FDCE clocked by sys_clk_pin  {rise@0.000ns fall@5.000ns period=10.000ns})
  Path Group:             sys_clk_pin
  Path Type:              Setup (Max at Slow Process Corner)
  Requirement:            10.000ns  (sys_clk_pin rise@10.000ns - sys_clk_pin rise@0.000ns)
  Data Path Delay:        6.023ns  (logic 1.758ns (29.187%)  route 4.265ns (70.813%))
  Logic Levels:           6  (LUT5=1 LUT6=4 MUXF7=1)
  Clock Path Skew:        -0.032ns (DCD - SCD + CPR)
    Destination Clock Delay (DCD):    4.855ns = ( 14.855 - 10.000 ) 
    Source Clock Delay      (SCD):    5.147ns
    Clock Pessimism Removal (CPR):    0.260ns
  Clock Uncertainty:      0.035ns  ((TSJ^2 + TIJ^2)^1/2 + DJ) / 2 + PE
    Total System Jitter     (TSJ):    0.071ns
    Total Input Jitter      (TIJ):    0.000ns
    Discrete Jitter          (DJ):    0.000ns
    Phase Error              (PE):    0.000ns

    Location             Delay type                Incr(ns)  Path(ns)    Netlist Resource(s)
  -------------------------------------------------------------------    -------------------
                         (clock sys_clk_pin rise edge)
                                                      0.000     0.000 r  
    W5                                                0.000     0.000 r  Clk_100MHz (IN)
                         net (fo=0)                   0.000     0.000    Clk_100MHz
    W5                   IBUF (Prop_ibuf_I_O)         1.458     1.458 r  Clk_100MHz_IBUF_inst/O
                         net (fo=1, routed)           1.967     3.425    Clk_100MHz_IBUF
    BUFGCTRL_X0Y0        BUFG (Prop_bufg_I_O)         0.096     3.521 r  Clk_100MHz_IBUF_BUFG_inst/O
                         net (fo=104, routed)         1.626     5.147    U_CPU/u_inst_sel/Clk_100MHz_IBUF_BUFG
    SLICE_X60Y31         FDRE                                         r  U_CPU/u_inst_sel/inst_reg_reg[7]/C
  -------------------------------------------------------------------    -------------------
    SLICE_X60Y31         FDRE (Prop_fdre_C_Q)         0.518     5.665 r  U_CPU/u_inst_sel/inst_reg_reg[7]/Q
                         net (fo=10, routed)          1.287     6.952    U_CPU/u_inst_sel/selected_inst[7]
    SLICE_X61Y34         LUT5 (Prop_lut5_I0_O)        0.154     7.106 r  U_CPU/u_inst_sel/V_reg_i_8/O
                         net (fo=8, routed)           0.515     7.621    U_CPU/u_regbank/REG7/read_sel_a[0]
    SLICE_X64Y33         LUT6 (Prop_lut6_I4_O)        0.327     7.948 r  U_CPU/u_regbank/REG7/reg[3]_i_18/O
                         net (fo=1, routed)           0.000     7.948    U_CPU/u_regbank/REG3/reg_reg[2]_3
    SLICE_X64Y33         MUXF7 (Prop_muxf7_I1_O)      0.214     8.162 r  U_CPU/u_regbank/REG3/reg_reg[3]_i_11/O
                         net (fo=7, routed)           1.366     9.528    U_CPU/u_regbank/REG3/reg_reg[2]_1
    SLICE_X63Y35         LUT6 (Prop_lut6_I2_O)        0.297     9.825 r  U_CPU/u_regbank/REG3/GT_reg_i_4/O
                         net (fo=2, routed)           0.678    10.502    U_CPU/u_regbank/REG3/GT_reg_i_4_n_0
    SLICE_X63Y35         LUT6 (Prop_lut6_I5_O)        0.124    10.626 r  U_CPU/u_regbank/REG3/GT_reg_i_2/O
                         net (fo=1, routed)           0.420    11.046    U_CPU/u_inst_sel/GT_u__8
    SLICE_X64Y35         LUT6 (Prop_lut6_I0_O)        0.124    11.170 r  U_CPU/u_inst_sel/GT_reg_i_1/O
                         net (fo=1, routed)           0.000    11.170    U_CPU/u_flags/GT_reg
    SLICE_X64Y35         FDCE                                         r  U_CPU/u_flags/GT_reg_reg/D
  -------------------------------------------------------------------    -------------------

                         (clock sys_clk_pin rise edge)
                                                     10.000    10.000 r  
    W5                                                0.000    10.000 r  Clk_100MHz (IN)
                         net (fo=0)                   0.000    10.000    Clk_100MHz
    W5                   IBUF (Prop_ibuf_I_O)         1.388    11.388 r  Clk_100MHz_IBUF_inst/O
                         net (fo=1, routed)           1.862    13.250    Clk_100MHz_IBUF
    BUFGCTRL_X0Y0        BUFG (Prop_bufg_I_O)         0.091    13.341 r  Clk_100MHz_IBUF_BUFG_inst/O
                         net (fo=104, routed)         1.514    14.855    U_CPU/u_flags/Clk_100MHz_IBUF_BUFG
    SLICE_X64Y35         FDCE                                         r  U_CPU/u_flags/GT_reg_reg/C
                         clock pessimism              0.260    15.115    
                         clock uncertainty           -0.035    15.080    
    SLICE_X64Y35         FDCE (Setup_fdce_C_D)        0.081    15.161    U_CPU/u_flags/GT_reg_reg
  -------------------------------------------------------------------
                         required time                         15.161    
                         arrival time                         -11.170    
  -------------------------------------------------------------------
                         slack                                  3.990    





Min Delay Paths
--------------------------------------------------------------------------------------
Slack (MET) :             0.185ns  (arrival time - required time)
  Source:                 U_CPU/u_step/btn_prev_reg/C
                            (rising edge-triggered cell FDRE clocked by sys_clk_pin  {rise@0.000ns fall@5.000ns period=10.000ns})
  Destination:            U_CPU/u_step/pulse_reg/D
                            (rising edge-triggered cell FDRE clocked by sys_clk_pin  {rise@0.000ns fall@5.000ns period=10.000ns})
  Path Group:             sys_clk_pin
  Path Type:              Hold (Min at Fast Process Corner)
  Requirement:            0.000ns  (sys_clk_pin rise@0.000ns - sys_clk_pin rise@0.000ns)
  Data Path Delay:        0.305ns  (logic 0.246ns (80.588%)  route 0.059ns (19.412%))
  Logic Levels:           1  (LUT2=1)
  Clock Path Skew:        0.000ns (DCD - SCD - CPR)
    Destination Clock Delay (DCD):    1.956ns
    Source Clock Delay      (SCD):    1.443ns
    Clock Pessimism Removal (CPR):    0.513ns

    Location             Delay type                Incr(ns)  Path(ns)    Netlist Resource(s)
  -------------------------------------------------------------------    -------------------
                         (clock sys_clk_pin rise edge)
                                                      0.000     0.000 r  
    W5                                                0.000     0.000 r  Clk_100MHz (IN)
                         net (fo=0)                   0.000     0.000    Clk_100MHz
    W5                   IBUF (Prop_ibuf_I_O)         0.226     0.226 r  Clk_100MHz_IBUF_inst/O
                         net (fo=1, routed)           0.631     0.858    Clk_100MHz_IBUF
    BUFGCTRL_X0Y0        BUFG (Prop_bufg_I_O)         0.026     0.884 r  Clk_100MHz_IBUF_BUFG_inst/O
                         net (fo=104, routed)         0.560     1.443    U_CPU/u_step/Clk_100MHz_IBUF_BUFG
    SLICE_X54Y32         FDRE                                         r  U_CPU/u_step/btn_prev_reg/C
  -------------------------------------------------------------------    -------------------
    SLICE_X54Y32         FDRE (Prop_fdre_C_Q)         0.148     1.591 f  U_CPU/u_step/btn_prev_reg/Q
                         net (fo=1, routed)           0.059     1.650    U_CPU/u_step/btn_prev
    SLICE_X54Y32         LUT2 (Prop_lut2_I1_O)        0.098     1.748 r  U_CPU/u_step/pulse_i_1/O
                         net (fo=1, routed)           0.000     1.748    U_CPU/u_step/pulse_i_1_n_0
    SLICE_X54Y32         FDRE                                         r  U_CPU/u_step/pulse_reg/D
  -------------------------------------------------------------------    -------------------

                         (clock sys_clk_pin rise edge)
                                                      0.000     0.000 r  
    W5                                                0.000     0.000 r  Clk_100MHz (IN)
                         net (fo=0)                   0.000     0.000    Clk_100MHz
    W5                   IBUF (Prop_ibuf_I_O)         0.414     0.414 r  Clk_100MHz_IBUF_inst/O
                         net (fo=1, routed)           0.685     1.099    Clk_100MHz_IBUF
    BUFGCTRL_X0Y0        BUFG (Prop_bufg_I_O)         0.029     1.128 r  Clk_100MHz_IBUF_BUFG_inst/O
                         net (fo=104, routed)         0.829     1.956    U_CPU/u_step/Clk_100MHz_IBUF_BUFG
    SLICE_X54Y32         FDRE                                         r  U_CPU/u_step/pulse_reg/C
                         clock pessimism             -0.513     1.443    
    SLICE_X54Y32         FDRE (Hold_fdre_C_D)         0.120     1.563    U_CPU/u_step/pulse_reg
  -------------------------------------------------------------------
                         required time                         -1.563    
                         arrival time                           1.748    
  -------------------------------------------------------------------
                         slack                                  0.185    

Slack (MET) :             0.210ns  (arrival time - required time)
  Source:                 U_CPU/u_pc/U1/reg_reg[0]/C
                            (rising edge-triggered cell FDCE clocked by sys_clk_pin  {rise@0.000ns fall@5.000ns period=10.000ns})
  Destination:            U_CPU/u_inst_sel/inst_reg_reg[2]/D
                            (rising edge-triggered cell FDRE clocked by sys_clk_pin  {rise@0.000ns fall@5.000ns period=10.000ns})
  Path Group:             sys_clk_pin
  Path Type:              Hold (Min at Fast Process Corner)
  Requirement:            0.000ns  (sys_clk_pin rise@0.000ns - sys_clk_pin rise@0.000ns)
  Data Path Delay:        0.364ns  (logic 0.186ns (51.084%)  route 0.178ns (48.916%))
  Logic Levels:           1  (LUT5=1)
  Clock Path Skew:        0.034ns (DCD - SCD - CPR)
    Destination Clock Delay (DCD):    1.986ns
    Source Clock Delay      (SCD):    1.474ns
    Clock Pessimism Removal (CPR):    0.478ns

    Location             Delay type                Incr(ns)  Path(ns)    Netlist Resource(s)
  -------------------------------------------------------------------    -------------------
                         (clock sys_clk_pin rise edge)
                                                      0.000     0.000 r  
    W5                                                0.000     0.000 r  Clk_100MHz (IN)
                         net (fo=0)                   0.000     0.000    Clk_100MHz
    W5                   IBUF (Prop_ibuf_I_O)         0.226     0.226 r  Clk_100MHz_IBUF_inst/O
                         net (fo=1, routed)           0.631     0.858    Clk_100MHz_IBUF
    BUFGCTRL_X0Y0        BUFG (Prop_bufg_I_O)         0.026     0.884 r  Clk_100MHz_IBUF_BUFG_inst/O
                         net (fo=104, routed)         0.591     1.474    U_CPU/u_pc/U1/Clk_100MHz_IBUF_BUFG
    SLICE_X62Y35         FDCE                                         r  U_CPU/u_pc/U1/reg_reg[0]/C
  -------------------------------------------------------------------    -------------------
    SLICE_X62Y35         FDCE (Prop_fdce_C_Q)         0.141     1.615 r  U_CPU/u_pc/U1/reg_reg[0]/Q
                         net (fo=14, routed)          0.178     1.793    U_CPU/u_pc/U1/Q[0]
    SLICE_X60Y35         LUT5 (Prop_lut5_I3_O)        0.045     1.838 r  U_CPU/u_pc/U1/inst_reg[2]_i_1/O
                         net (fo=1, routed)           0.000     1.838    U_CPU/u_inst_sel/reg_reg[0]_6[1]
    SLICE_X60Y35         FDRE                                         r  U_CPU/u_inst_sel/inst_reg_reg[2]/D
  -------------------------------------------------------------------    -------------------

                         (clock sys_clk_pin rise edge)
                                                      0.000     0.000 r  
    W5                                                0.000     0.000 r  Clk_100MHz (IN)
                         net (fo=0)                   0.000     0.000    Clk_100MHz
    W5                   IBUF (Prop_ibuf_I_O)         0.414     0.414 r  Clk_100MHz_IBUF_inst/O
                         net (fo=1, routed)           0.685     1.099    Clk_100MHz_IBUF
    BUFGCTRL_X0Y0        BUFG (Prop_bufg_I_O)         0.029     1.128 r  Clk_100MHz_IBUF_BUFG_inst/O
                         net (fo=104, routed)         0.859     1.986    U_CPU/u_inst_sel/Clk_100MHz_IBUF_BUFG
    SLICE_X60Y35         FDRE                                         r  U_CPU/u_inst_sel/inst_reg_reg[2]/C
                         clock pessimism             -0.478     1.508    
    SLICE_X60Y35         FDRE (Hold_fdre_C_D)         0.120     1.628    U_CPU/u_inst_sel/inst_reg_reg[2]
  -------------------------------------------------------------------
                         required time                         -1.628    
                         arrival time                           1.838    
  -------------------------------------------------------------------
                         slack                                  0.210    

Slack (MET) :             0.254ns  (arrival time - required time)
  Source:                 refresh_counter_reg[10]/C
                            (rising edge-triggered cell FDRE clocked by sys_clk_pin  {rise@0.000ns fall@5.000ns period=10.000ns})
  Destination:            refresh_counter_reg[10]/D
                            (rising edge-triggered cell FDRE clocked by sys_clk_pin  {rise@0.000ns fall@5.000ns period=10.000ns})
  Path Group:             sys_clk_pin
  Path Type:              Hold (Min at Fast Process Corner)
  Requirement:            0.000ns  (sys_clk_pin rise@0.000ns - sys_clk_pin rise@0.000ns)
  Data Path Delay:        0.388ns  (logic 0.274ns (70.550%)  route 0.114ns (29.450%))
  Logic Levels:           1  (CARRY4=1)
  Clock Path Skew:        0.000ns (DCD - SCD - CPR)
    Destination Clock Delay (DCD):    1.980ns
    Source Clock Delay      (SCD):    1.468ns
    Clock Pessimism Removal (CPR):    0.512ns

    Location             Delay type                Incr(ns)  Path(ns)    Netlist Resource(s)
  -------------------------------------------------------------------    -------------------
                         (clock sys_clk_pin rise edge)
                                                      0.000     0.000 r  
    W5                                                0.000     0.000 r  Clk_100MHz (IN)
                         net (fo=0)                   0.000     0.000    Clk_100MHz
    W5                   IBUF (Prop_ibuf_I_O)         0.226     0.226 r  Clk_100MHz_IBUF_inst/O
                         net (fo=1, routed)           0.631     0.858    Clk_100MHz_IBUF
    BUFGCTRL_X0Y0        BUFG (Prop_bufg_I_O)         0.026     0.884 r  Clk_100MHz_IBUF_BUFG_inst/O
                         net (fo=104, routed)         0.585     1.468    Clk_100MHz_IBUF_BUFG
    SLICE_X64Y27         FDRE                                         r  refresh_counter_reg[10]/C
  -------------------------------------------------------------------    -------------------
    SLICE_X64Y27         FDRE (Prop_fdre_C_Q)         0.164     1.632 r  refresh_counter_reg[10]/Q
                         net (fo=1, routed)           0.114     1.747    refresh_counter_reg_n_0_[10]
    SLICE_X64Y27         CARRY4 (Prop_carry4_S[2]_O[2])
                                                      0.110     1.857 r  refresh_counter_reg[8]_i_1/O[2]
                         net (fo=1, routed)           0.000     1.857    refresh_counter_reg[8]_i_1_n_5
    SLICE_X64Y27         FDRE                                         r  refresh_counter_reg[10]/D
  -------------------------------------------------------------------    -------------------

                         (clock sys_clk_pin rise edge)
                                                      0.000     0.000 r  
    W5                                                0.000     0.000 r  Clk_100MHz (IN)
                         net (fo=0)                   0.000     0.000    Clk_100MHz
    W5                   IBUF (Prop_ibuf_I_O)         0.414     0.414 r  Clk_100MHz_IBUF_inst/O
                         net (fo=1, routed)           0.685     1.099    Clk_100MHz_IBUF
    BUFGCTRL_X0Y0        BUFG (Prop_bufg_I_O)         0.029     1.128 r  Clk_100MHz_IBUF_BUFG_inst/O
                         net (fo=104, routed)         0.853     1.980    Clk_100MHz_IBUF_BUFG
    SLICE_X64Y27         FDRE                                         r  refresh_counter_reg[10]/C
                         clock pessimism             -0.512     1.468    
    SLICE_X64Y27         FDRE (Hold_fdre_C_D)         0.134     1.602    refresh_counter_reg[10]
  -------------------------------------------------------------------
                         required time                         -1.602    
                         arrival time                           1.857    
  -------------------------------------------------------------------
                         slack                                  0.254    

Slack (MET) :             0.254ns  (arrival time - required time)
  Source:                 refresh_counter_reg[14]/C
                            (rising edge-triggered cell FDRE clocked by sys_clk_pin  {rise@0.000ns fall@5.000ns period=10.000ns})
  Destination:            refresh_counter_reg[14]/D
                            (rising edge-triggered cell FDRE clocked by sys_clk_pin  {rise@0.000ns fall@5.000ns period=10.000ns})
  Path Group:             sys_clk_pin
  Path Type:              Hold (Min at Fast Process Corner)
  Requirement:            0.000ns  (sys_clk_pin rise@0.000ns - sys_clk_pin rise@0.000ns)
  Data Path Delay:        0.388ns  (logic 0.274ns (70.550%)  route 0.114ns (29.450%))
  Logic Levels:           1  (CARRY4=1)
  Clock Path Skew:        0.000ns (DCD - SCD - CPR)
    Destination Clock Delay (DCD):    1.981ns
    Source Clock Delay      (SCD):    1.468ns
    Clock Pessimism Removal (CPR):    0.513ns

    Location             Delay type                Incr(ns)  Path(ns)    Netlist Resource(s)
  -------------------------------------------------------------------    -------------------
                         (clock sys_clk_pin rise edge)
                                                      0.000     0.000 r  
    W5                                                0.000     0.000 r  Clk_100MHz (IN)
                         net (fo=0)                   0.000     0.000    Clk_100MHz
    W5                   IBUF (Prop_ibuf_I_O)         0.226     0.226 r  Clk_100MHz_IBUF_inst/O
                         net (fo=1, routed)           0.631     0.858    Clk_100MHz_IBUF
    BUFGCTRL_X0Y0        BUFG (Prop_bufg_I_O)         0.026     0.884 r  Clk_100MHz_IBUF_BUFG_inst/O
                         net (fo=104, routed)         0.585     1.468    Clk_100MHz_IBUF_BUFG
    SLICE_X64Y28         FDRE                                         r  refresh_counter_reg[14]/C
  -------------------------------------------------------------------    -------------------
    SLICE_X64Y28         FDRE (Prop_fdre_C_Q)         0.164     1.632 r  refresh_counter_reg[14]/Q
                         net (fo=1, routed)           0.114     1.747    refresh_counter_reg_n_0_[14]
    SLICE_X64Y28         CARRY4 (Prop_carry4_S[2]_O[2])
                                                      0.110     1.857 r  refresh_counter_reg[12]_i_1/O[2]
                         net (fo=1, routed)           0.000     1.857    refresh_counter_reg[12]_i_1_n_5
    SLICE_X64Y28         FDRE                                         r  refresh_counter_reg[14]/D
  -------------------------------------------------------------------    -------------------

                         (clock sys_clk_pin rise edge)
                                                      0.000     0.000 r  
    W5                                                0.000     0.000 r  Clk_100MHz (IN)
                         net (fo=0)                   0.000     0.000    Clk_100MHz
    W5                   IBUF (Prop_ibuf_I_O)         0.414     0.414 r  Clk_100MHz_IBUF_inst/O
                         net (fo=1, routed)           0.685     1.099    Clk_100MHz_IBUF
    BUFGCTRL_X0Y0        BUFG (Prop_bufg_I_O)         0.029     1.128 r  Clk_100MHz_IBUF_BUFG_inst/O
                         net (fo=104, routed)         0.854     1.981    Clk_100MHz_IBUF_BUFG
    SLICE_X64Y28         FDRE                                         r  refresh_counter_reg[14]/C
                         clock pessimism             -0.513     1.468    
    SLICE_X64Y28         FDRE (Hold_fdre_C_D)         0.134     1.602    refresh_counter_reg[14]
  -------------------------------------------------------------------
                         required time                         -1.602    
                         arrival time                           1.857    
  -------------------------------------------------------------------
                         slack                                  0.254    

Slack (MET) :             0.254ns  (arrival time - required time)
  Source:                 refresh_counter_reg[2]/C
                            (rising edge-triggered cell FDRE clocked by sys_clk_pin  {rise@0.000ns fall@5.000ns period=10.000ns})
  Destination:            refresh_counter_reg[2]/D
                            (rising edge-triggered cell FDRE clocked by sys_clk_pin  {rise@0.000ns fall@5.000ns period=10.000ns})
  Path Group:             sys_clk_pin
  Path Type:              Hold (Min at Fast Process Corner)
  Requirement:            0.000ns  (sys_clk_pin rise@0.000ns - sys_clk_pin rise@0.000ns)
  Data Path Delay:        0.388ns  (logic 0.274ns (70.550%)  route 0.114ns (29.450%))
  Logic Levels:           1  (CARRY4=1)
  Clock Path Skew:        0.000ns (DCD - SCD - CPR)
    Destination Clock Delay (DCD):    1.977ns
    Source Clock Delay      (SCD):    1.465ns
    Clock Pessimism Removal (CPR):    0.512ns

    Location             Delay type                Incr(ns)  Path(ns)    Netlist Resource(s)
  -------------------------------------------------------------------    -------------------
                         (clock sys_clk_pin rise edge)
                                                      0.000     0.000 r  
    W5                                                0.000     0.000 r  Clk_100MHz (IN)
                         net (fo=0)                   0.000     0.000    Clk_100MHz
    W5                   IBUF (Prop_ibuf_I_O)         0.226     0.226 r  Clk_100MHz_IBUF_inst/O
                         net (fo=1, routed)           0.631     0.858    Clk_100MHz_IBUF
    BUFGCTRL_X0Y0        BUFG (Prop_bufg_I_O)         0.026     0.884 r  Clk_100MHz_IBUF_BUFG_inst/O
                         net (fo=104, routed)         0.582     1.465    Clk_100MHz_IBUF_BUFG
    SLICE_X64Y25         FDRE                                         r  refresh_counter_reg[2]/C
  -------------------------------------------------------------------    -------------------
    SLICE_X64Y25         FDRE (Prop_fdre_C_Q)         0.164     1.629 r  refresh_counter_reg[2]/Q
                         net (fo=1, routed)           0.114     1.744    refresh_counter_reg_n_0_[2]
    SLICE_X64Y25         CARRY4 (Prop_carry4_S[2]_O[2])
                                                      0.110     1.854 r  refresh_counter_reg[0]_i_1/O[2]
                         net (fo=1, routed)           0.000     1.854    refresh_counter_reg[0]_i_1_n_5
    SLICE_X64Y25         FDRE                                         r  refresh_counter_reg[2]/D
  -------------------------------------------------------------------    -------------------

                         (clock sys_clk_pin rise edge)
                                                      0.000     0.000 r  
    W5                                                0.000     0.000 r  Clk_100MHz (IN)
                         net (fo=0)                   0.000     0.000    Clk_100MHz
    W5                   IBUF (Prop_ibuf_I_O)         0.414     0.414 r  Clk_100MHz_IBUF_inst/O
                         net (fo=1, routed)           0.685     1.099    Clk_100MHz_IBUF
    BUFGCTRL_X0Y0        BUFG (Prop_bufg_I_O)         0.029     1.128 r  Clk_100MHz_IBUF_BUFG_inst/O
                         net (fo=104, routed)         0.850     1.977    Clk_100MHz_IBUF_BUFG
    SLICE_X64Y25         FDRE                                         r  refresh_counter_reg[2]/C
                         clock pessimism             -0.512     1.465    
    SLICE_X64Y25         FDRE (Hold_fdre_C_D)         0.134     1.599    refresh_counter_reg[2]
  -------------------------------------------------------------------
                         required time                         -1.599    
                         arrival time                           1.854    
  -------------------------------------------------------------------
                         slack                                  0.254    

Slack (MET) :             0.254ns  (arrival time - required time)
  Source:                 refresh_counter_reg[6]/C
                            (rising edge-triggered cell FDRE clocked by sys_clk_pin  {rise@0.000ns fall@5.000ns period=10.000ns})
  Destination:            refresh_counter_reg[6]/D
                            (rising edge-triggered cell FDRE clocked by sys_clk_pin  {rise@0.000ns fall@5.000ns period=10.000ns})
  Path Group:             sys_clk_pin
  Path Type:              Hold (Min at Fast Process Corner)
  Requirement:            0.000ns  (sys_clk_pin rise@0.000ns - sys_clk_pin rise@0.000ns)
  Data Path Delay:        0.388ns  (logic 0.274ns (70.550%)  route 0.114ns (29.450%))
  Logic Levels:           1  (CARRY4=1)
  Clock Path Skew:        0.000ns (DCD - SCD - CPR)
    Destination Clock Delay (DCD):    1.978ns
    Source Clock Delay      (SCD):    1.466ns
    Clock Pessimism Removal (CPR):    0.512ns

    Location             Delay type                Incr(ns)  Path(ns)    Netlist Resource(s)
  -------------------------------------------------------------------    -------------------
                         (clock sys_clk_pin rise edge)
                                                      0.000     0.000 r  
    W5                                                0.000     0.000 r  Clk_100MHz (IN)
                         net (fo=0)                   0.000     0.000    Clk_100MHz
    W5                   IBUF (Prop_ibuf_I_O)         0.226     0.226 r  Clk_100MHz_IBUF_inst/O
                         net (fo=1, routed)           0.631     0.858    Clk_100MHz_IBUF
    BUFGCTRL_X0Y0        BUFG (Prop_bufg_I_O)         0.026     0.884 r  Clk_100MHz_IBUF_BUFG_inst/O
                         net (fo=104, routed)         0.583     1.466    Clk_100MHz_IBUF_BUFG
    SLICE_X64Y26         FDRE                                         r  refresh_counter_reg[6]/C
  -------------------------------------------------------------------    -------------------
    SLICE_X64Y26         FDRE (Prop_fdre_C_Q)         0.164     1.630 r  refresh_counter_reg[6]/Q
                         net (fo=1, routed)           0.114     1.745    refresh_counter_reg_n_0_[6]
    SLICE_X64Y26         CARRY4 (Prop_carry4_S[2]_O[2])
                                                      0.110     1.855 r  refresh_counter_reg[4]_i_1/O[2]
                         net (fo=1, routed)           0.000     1.855    refresh_counter_reg[4]_i_1_n_5
    SLICE_X64Y26         FDRE                                         r  refresh_counter_reg[6]/D
  -------------------------------------------------------------------    -------------------

                         (clock sys_clk_pin rise edge)
                                                      0.000     0.000 r  
    W5                                                0.000     0.000 r  Clk_100MHz (IN)
                         net (fo=0)                   0.000     0.000    Clk_100MHz
    W5                   IBUF (Prop_ibuf_I_O)         0.414     0.414 r  Clk_100MHz_IBUF_inst/O
                         net (fo=1, routed)           0.685     1.099    Clk_100MHz_IBUF
    BUFGCTRL_X0Y0        BUFG (Prop_bufg_I_O)         0.029     1.128 r  Clk_100MHz_IBUF_BUFG_inst/O
                         net (fo=104, routed)         0.851     1.978    Clk_100MHz_IBUF_BUFG
    SLICE_X64Y26         FDRE                                         r  refresh_counter_reg[6]/C
                         clock pessimism             -0.512     1.466    
    SLICE_X64Y26         FDRE (Hold_fdre_C_D)         0.134     1.600    refresh_counter_reg[6]
  -------------------------------------------------------------------
                         required time                         -1.600    
                         arrival time                           1.855    
  -------------------------------------------------------------------
                         slack                                  0.254    

Slack (MET) :             0.263ns  (arrival time - required time)
  Source:                 U_CPU/slow_clk/count_reg[16]/C
                            (rising edge-triggered cell FDRE clocked by sys_clk_pin  {rise@0.000ns fall@5.000ns period=10.000ns})
  Destination:            U_CPU/slow_clk/count_reg[16]/D
                            (rising edge-triggered cell FDRE clocked by sys_clk_pin  {rise@0.000ns fall@5.000ns period=10.000ns})
  Path Group:             sys_clk_pin
  Path Type:              Hold (Min at Fast Process Corner)
  Requirement:            0.000ns  (sys_clk_pin rise@0.000ns - sys_clk_pin rise@0.000ns)
  Data Path Delay:        0.368ns  (logic 0.249ns (67.612%)  route 0.119ns (32.388%))
  Logic Levels:           1  (CARRY4=1)
  Clock Path Skew:        0.000ns (DCD - SCD - CPR)
    Destination Clock Delay (DCD):    1.984ns
    Source Clock Delay      (SCD):    1.472ns
    Clock Pessimism Removal (CPR):    0.512ns

    Location             Delay type                Incr(ns)  Path(ns)    Netlist Resource(s)
  -------------------------------------------------------------------    -------------------
                         (clock sys_clk_pin rise edge)
                                                      0.000     0.000 r  
    W5                                                0.000     0.000 r  Clk_100MHz (IN)
                         net (fo=0)                   0.000     0.000    Clk_100MHz
    W5                   IBUF (Prop_ibuf_I_O)         0.226     0.226 r  Clk_100MHz_IBUF_inst/O
                         net (fo=1, routed)           0.631     0.858    Clk_100MHz_IBUF
    BUFGCTRL_X0Y0        BUFG (Prop_bufg_I_O)         0.026     0.884 r  Clk_100MHz_IBUF_BUFG_inst/O
                         net (fo=104, routed)         0.589     1.472    U_CPU/slow_clk/Clk_100MHz_IBUF_BUFG
    SLICE_X59Y33         FDRE                                         r  U_CPU/slow_clk/count_reg[16]/C
  -------------------------------------------------------------------    -------------------
    SLICE_X59Y33         FDRE (Prop_fdre_C_Q)         0.141     1.613 r  U_CPU/slow_clk/count_reg[16]/Q
                         net (fo=2, routed)           0.119     1.732    U_CPU/slow_clk/count[16]
    SLICE_X59Y33         CARRY4 (Prop_carry4_S[3]_O[3])
                                                      0.108     1.840 r  U_CPU/slow_clk/count_reg[16]_i_1/O[3]
                         net (fo=1, routed)           0.000     1.840    U_CPU/slow_clk/data0[16]
    SLICE_X59Y33         FDRE                                         r  U_CPU/slow_clk/count_reg[16]/D
  -------------------------------------------------------------------    -------------------

                         (clock sys_clk_pin rise edge)
                                                      0.000     0.000 r  
    W5                                                0.000     0.000 r  Clk_100MHz (IN)
                         net (fo=0)                   0.000     0.000    Clk_100MHz
    W5                   IBUF (Prop_ibuf_I_O)         0.414     0.414 r  Clk_100MHz_IBUF_inst/O
                         net (fo=1, routed)           0.685     1.099    Clk_100MHz_IBUF
    BUFGCTRL_X0Y0        BUFG (Prop_bufg_I_O)         0.029     1.128 r  Clk_100MHz_IBUF_BUFG_inst/O
                         net (fo=104, routed)         0.857     1.984    U_CPU/slow_clk/Clk_100MHz_IBUF_BUFG
    SLICE_X59Y33         FDRE                                         r  U_CPU/slow_clk/count_reg[16]/C
                         clock pessimism             -0.512     1.472    
    SLICE_X59Y33         FDRE (Hold_fdre_C_D)         0.105     1.577    U_CPU/slow_clk/count_reg[16]
  -------------------------------------------------------------------
                         required time                         -1.577    
                         arrival time                           1.840    
  -------------------------------------------------------------------
                         slack                                  0.263    

Slack (MET) :             0.263ns  (arrival time - required time)
  Source:                 U_CPU/slow_clk/count_reg[12]/C
                            (rising edge-triggered cell FDRE clocked by sys_clk_pin  {rise@0.000ns fall@5.000ns period=10.000ns})
  Destination:            U_CPU/slow_clk/count_reg[12]/D
                            (rising edge-triggered cell FDRE clocked by sys_clk_pin  {rise@0.000ns fall@5.000ns period=10.000ns})
  Path Group:             sys_clk_pin
  Path Type:              Hold (Min at Fast Process Corner)
  Requirement:            0.000ns  (sys_clk_pin rise@0.000ns - sys_clk_pin rise@0.000ns)
  Data Path Delay:        0.368ns  (logic 0.249ns (67.612%)  route 0.119ns (32.388%))
  Logic Levels:           1  (CARRY4=1)
  Clock Path Skew:        0.000ns (DCD - SCD - CPR)
    Destination Clock Delay (DCD):    1.983ns
    Source Clock Delay      (SCD):    1.471ns
    Clock Pessimism Removal (CPR):    0.512ns

    Location             Delay type                Incr(ns)  Path(ns)    Netlist Resource(s)
  -------------------------------------------------------------------    -------------------
                         (clock sys_clk_pin rise edge)
                                                      0.000     0.000 r  
    W5                                                0.000     0.000 r  Clk_100MHz (IN)
                         net (fo=0)                   0.000     0.000    Clk_100MHz
    W5                   IBUF (Prop_ibuf_I_O)         0.226     0.226 r  Clk_100MHz_IBUF_inst/O
                         net (fo=1, routed)           0.631     0.858    Clk_100MHz_IBUF
    BUFGCTRL_X0Y0        BUFG (Prop_bufg_I_O)         0.026     0.884 r  Clk_100MHz_IBUF_BUFG_inst/O
                         net (fo=104, routed)         0.588     1.471    U_CPU/slow_clk/Clk_100MHz_IBUF_BUFG
    SLICE_X59Y32         FDRE                                         r  U_CPU/slow_clk/count_reg[12]/C
  -------------------------------------------------------------------    -------------------
    SLICE_X59Y32         FDRE (Prop_fdre_C_Q)         0.141     1.612 r  U_CPU/slow_clk/count_reg[12]/Q
                         net (fo=2, routed)           0.119     1.731    U_CPU/slow_clk/count[12]
    SLICE_X59Y32         CARRY4 (Prop_carry4_S[3]_O[3])
                                                      0.108     1.839 r  U_CPU/slow_clk/count_reg[12]_i_1/O[3]
                         net (fo=1, routed)           0.000     1.839    U_CPU/slow_clk/data0[12]
    SLICE_X59Y32         FDRE                                         r  U_CPU/slow_clk/count_reg[12]/D
  -------------------------------------------------------------------    -------------------

                         (clock sys_clk_pin rise edge)
                                                      0.000     0.000 r  
    W5                                                0.000     0.000 r  Clk_100MHz (IN)
                         net (fo=0)                   0.000     0.000    Clk_100MHz
    W5                   IBUF (Prop_ibuf_I_O)         0.414     0.414 r  Clk_100MHz_IBUF_inst/O
                         net (fo=1, routed)           0.685     1.099    Clk_100MHz_IBUF
    BUFGCTRL_X0Y0        BUFG (Prop_bufg_I_O)         0.029     1.128 r  Clk_100MHz_IBUF_BUFG_inst/O
                         net (fo=104, routed)         0.856     1.983    U_CPU/slow_clk/Clk_100MHz_IBUF_BUFG
    SLICE_X59Y32         FDRE                                         r  U_CPU/slow_clk/count_reg[12]/C
                         clock pessimism             -0.512     1.471    
    SLICE_X59Y32         FDRE (Hold_fdre_C_D)         0.105     1.576    U_CPU/slow_clk/count_reg[12]
  -------------------------------------------------------------------
                         required time                         -1.576    
                         arrival time                           1.839    
  -------------------------------------------------------------------
                         slack                                  0.263    

Slack (MET) :             0.263ns  (arrival time - required time)
  Source:                 U_CPU/slow_clk/count_reg[20]/C
                            (rising edge-triggered cell FDRE clocked by sys_clk_pin  {rise@0.000ns fall@5.000ns period=10.000ns})
  Destination:            U_CPU/slow_clk/count_reg[20]/D
                            (rising edge-triggered cell FDRE clocked by sys_clk_pin  {rise@0.000ns fall@5.000ns period=10.000ns})
  Path Group:             sys_clk_pin
  Path Type:              Hold (Min at Fast Process Corner)
  Requirement:            0.000ns  (sys_clk_pin rise@0.000ns - sys_clk_pin rise@0.000ns)
  Data Path Delay:        0.368ns  (logic 0.249ns (67.612%)  route 0.119ns (32.388%))
  Logic Levels:           1  (CARRY4=1)
  Clock Path Skew:        0.000ns (DCD - SCD - CPR)
    Destination Clock Delay (DCD):    1.985ns
    Source Clock Delay      (SCD):    1.473ns
    Clock Pessimism Removal (CPR):    0.512ns

    Location             Delay type                Incr(ns)  Path(ns)    Netlist Resource(s)
  -------------------------------------------------------------------    -------------------
                         (clock sys_clk_pin rise edge)
                                                      0.000     0.000 r  
    W5                                                0.000     0.000 r  Clk_100MHz (IN)
                         net (fo=0)                   0.000     0.000    Clk_100MHz
    W5                   IBUF (Prop_ibuf_I_O)         0.226     0.226 r  Clk_100MHz_IBUF_inst/O
                         net (fo=1, routed)           0.631     0.858    Clk_100MHz_IBUF
    BUFGCTRL_X0Y0        BUFG (Prop_bufg_I_O)         0.026     0.884 r  Clk_100MHz_IBUF_BUFG_inst/O
                         net (fo=104, routed)         0.590     1.473    U_CPU/slow_clk/Clk_100MHz_IBUF_BUFG
    SLICE_X59Y34         FDRE                                         r  U_CPU/slow_clk/count_reg[20]/C
  -------------------------------------------------------------------    -------------------
    SLICE_X59Y34         FDRE (Prop_fdre_C_Q)         0.141     1.614 r  U_CPU/slow_clk/count_reg[20]/Q
                         net (fo=2, routed)           0.119     1.733    U_CPU/slow_clk/count[20]
    SLICE_X59Y34         CARRY4 (Prop_carry4_S[3]_O[3])
                                                      0.108     1.841 r  U_CPU/slow_clk/count_reg[20]_i_1/O[3]
                         net (fo=1, routed)           0.000     1.841    U_CPU/slow_clk/data0[20]
    SLICE_X59Y34         FDRE                                         r  U_CPU/slow_clk/count_reg[20]/D
  -------------------------------------------------------------------    -------------------

                         (clock sys_clk_pin rise edge)
                                                      0.000     0.000 r  
    W5                                                0.000     0.000 r  Clk_100MHz (IN)
                         net (fo=0)                   0.000     0.000    Clk_100MHz
    W5                   IBUF (Prop_ibuf_I_O)         0.414     0.414 r  Clk_100MHz_IBUF_inst/O
                         net (fo=1, routed)           0.685     1.099    Clk_100MHz_IBUF
    BUFGCTRL_X0Y0        BUFG (Prop_bufg_I_O)         0.029     1.128 r  Clk_100MHz_IBUF_BUFG_inst/O
                         net (fo=104, routed)         0.858     1.985    U_CPU/slow_clk/Clk_100MHz_IBUF_BUFG
    SLICE_X59Y34         FDRE                                         r  U_CPU/slow_clk/count_reg[20]/C
                         clock pessimism             -0.512     1.473    
    SLICE_X59Y34         FDRE (Hold_fdre_C_D)         0.105     1.578    U_CPU/slow_clk/count_reg[20]
  -------------------------------------------------------------------
                         required time                         -1.578    
                         arrival time                           1.841    
  -------------------------------------------------------------------
                         slack                                  0.263    

Slack (MET) :             0.263ns  (arrival time - required time)
  Source:                 U_CPU/slow_clk/count_reg[8]/C
                            (rising edge-triggered cell FDRE clocked by sys_clk_pin  {rise@0.000ns fall@5.000ns period=10.000ns})
  Destination:            U_CPU/slow_clk/count_reg[8]/D
                            (rising edge-triggered cell FDRE clocked by sys_clk_pin  {rise@0.000ns fall@5.000ns period=10.000ns})
  Path Group:             sys_clk_pin
  Path Type:              Hold (Min at Fast Process Corner)
  Requirement:            0.000ns  (sys_clk_pin rise@0.000ns - sys_clk_pin rise@0.000ns)
  Data Path Delay:        0.368ns  (logic 0.249ns (67.612%)  route 0.119ns (32.388%))
  Logic Levels:           1  (CARRY4=1)
  Clock Path Skew:        0.000ns (DCD - SCD - CPR)
    Destination Clock Delay (DCD):    1.982ns
    Source Clock Delay      (SCD):    1.470ns
    Clock Pessimism Removal (CPR):    0.512ns

    Location             Delay type                Incr(ns)  Path(ns)    Netlist Resource(s)
  -------------------------------------------------------------------    -------------------
                         (clock sys_clk_pin rise edge)
                                                      0.000     0.000 r  
    W5                                                0.000     0.000 r  Clk_100MHz (IN)
                         net (fo=0)                   0.000     0.000    Clk_100MHz
    W5                   IBUF (Prop_ibuf_I_O)         0.226     0.226 r  Clk_100MHz_IBUF_inst/O
                         net (fo=1, routed)           0.631     0.858    Clk_100MHz_IBUF
    BUFGCTRL_X0Y0        BUFG (Prop_bufg_I_O)         0.026     0.884 r  Clk_100MHz_IBUF_BUFG_inst/O
                         net (fo=104, routed)         0.587     1.470    U_CPU/slow_clk/Clk_100MHz_IBUF_BUFG
    SLICE_X59Y31         FDRE                                         r  U_CPU/slow_clk/count_reg[8]/C
  -------------------------------------------------------------------    -------------------
    SLICE_X59Y31         FDRE (Prop_fdre_C_Q)         0.141     1.611 r  U_CPU/slow_clk/count_reg[8]/Q
                         net (fo=2, routed)           0.119     1.730    U_CPU/slow_clk/count[8]
    SLICE_X59Y31         CARRY4 (Prop_carry4_S[3]_O[3])
                                                      0.108     1.838 r  U_CPU/slow_clk/count_reg[8]_i_1/O[3]
                         net (fo=1, routed)           0.000     1.838    U_CPU/slow_clk/data0[8]
    SLICE_X59Y31         FDRE                                         r  U_CPU/slow_clk/count_reg[8]/D
  -------------------------------------------------------------------    -------------------

                         (clock sys_clk_pin rise edge)
                                                      0.000     0.000 r  
    W5                                                0.000     0.000 r  Clk_100MHz (IN)
                         net (fo=0)                   0.000     0.000    Clk_100MHz
    W5                   IBUF (Prop_ibuf_I_O)         0.414     0.414 r  Clk_100MHz_IBUF_inst/O
                         net (fo=1, routed)           0.685     1.099    Clk_100MHz_IBUF
    BUFGCTRL_X0Y0        BUFG (Prop_bufg_I_O)         0.029     1.128 r  Clk_100MHz_IBUF_BUFG_inst/O
                         net (fo=104, routed)         0.855     1.982    U_CPU/slow_clk/Clk_100MHz_IBUF_BUFG
    SLICE_X59Y31         FDRE                                         r  U_CPU/slow_clk/count_reg[8]/C
                         clock pessimism             -0.512     1.470    
    SLICE_X59Y31         FDRE (Hold_fdre_C_D)         0.105     1.575    U_CPU/slow_clk/count_reg[8]
  -------------------------------------------------------------------
                         required time                         -1.575    
                         arrival time                           1.838    
  -------------------------------------------------------------------
                         slack                                  0.263    





Pulse Width Checks
--------------------------------------------------------------------------------------
Clock Name:         sys_clk_pin
Waveform(ns):       { 0.000 5.000 }
Period(ns):         10.000
Sources:            { Clk_100MHz }

Check Type        Corner  Lib Pin  Reference Pin  Required(ns)  Actual(ns)  Slack(ns)  Location       Pin
Min Period        n/a     BUFG/I   n/a            2.155         10.000      7.845      BUFGCTRL_X0Y0  Clk_100MHz_IBUF_BUFG_inst/I
Min Period        n/a     FDRE/C   n/a            1.000         10.000      9.000      SLICE_X58Y31   U_CPU/slow_clk/count_reg[0]/C
Min Period        n/a     FDRE/C   n/a            1.000         10.000      9.000      SLICE_X59Y32   U_CPU/slow_clk/count_reg[10]/C
Min Period        n/a     FDRE/C   n/a            1.000         10.000      9.000      SLICE_X59Y32   U_CPU/slow_clk/count_reg[11]/C
Min Period        n/a     FDRE/C   n/a            1.000         10.000      9.000      SLICE_X59Y32   U_CPU/slow_clk/count_reg[12]/C
Min Period        n/a     FDRE/C   n/a            1.000         10.000      9.000      SLICE_X59Y33   U_CPU/slow_clk/count_reg[13]/C
Min Period        n/a     FDRE/C   n/a            1.000         10.000      9.000      SLICE_X59Y33   U_CPU/slow_clk/count_reg[14]/C
Min Period        n/a     FDRE/C   n/a            1.000         10.000      9.000      SLICE_X59Y33   U_CPU/slow_clk/count_reg[15]/C
Min Period        n/a     FDRE/C   n/a            1.000         10.000      9.000      SLICE_X59Y33   U_CPU/slow_clk/count_reg[16]/C
Min Period        n/a     FDRE/C   n/a            1.000         10.000      9.000      SLICE_X59Y34   U_CPU/slow_clk/count_reg[17]/C
Low Pulse Width   Slow    FDRE/C   n/a            0.500         5.000       4.500      SLICE_X59Y30   U_CPU/slow_clk/count_reg[1]/C
Low Pulse Width   Slow    FDRE/C   n/a            0.500         5.000       4.500      SLICE_X59Y30   U_CPU/slow_clk/count_reg[2]/C
Low Pulse Width   Slow    FDRE/C   n/a            0.500         5.000       4.500      SLICE_X59Y30   U_CPU/slow_clk/count_reg[3]/C
Low Pulse Width   Slow    FDRE/C   n/a            0.500         5.000       4.500      SLICE_X59Y30   U_CPU/slow_clk/count_reg[4]/C
Low Pulse Width   Slow    FDRE/C   n/a            0.500         5.000       4.500      SLICE_X58Y31   U_CPU/slow_clk/count_reg[0]/C
Low Pulse Width   Fast    FDRE/C   n/a            0.500         5.000       4.500      SLICE_X59Y33   U_CPU/slow_clk/count_reg[13]/C
Low Pulse Width   Fast    FDRE/C   n/a            0.500         5.000       4.500      SLICE_X59Y33   U_CPU/slow_clk/count_reg[14]/C
Low Pulse Width   Fast    FDRE/C   n/a            0.500         5.000       4.500      SLICE_X59Y33   U_CPU/slow_clk/count_reg[15]/C
Low Pulse Width   Fast    FDRE/C   n/a            0.500         5.000       4.500      SLICE_X59Y33   U_CPU/slow_clk/count_reg[16]/C
Low Pulse Width   Fast    FDRE/C   n/a            0.500         5.000       4.500      SLICE_X59Y34   U_CPU/slow_clk/count_reg[17]/C
High Pulse Width  Slow    FDRE/C   n/a            0.500         5.000       4.500      SLICE_X59Y32   U_CPU/slow_clk/count_reg[10]/C
High Pulse Width  Slow    FDRE/C   n/a            0.500         5.000       4.500      SLICE_X59Y32   U_CPU/slow_clk/count_reg[11]/C
High Pulse Width  Slow    FDRE/C   n/a            0.500         5.000       4.500      SLICE_X59Y32   U_CPU/slow_clk/count_reg[12]/C
High Pulse Width  Slow    FDRE/C   n/a            0.500         5.000       4.500      SLICE_X59Y33   U_CPU/slow_clk/count_reg[13]/C
High Pulse Width  Slow    FDRE/C   n/a            0.500         5.000       4.500      SLICE_X59Y33   U_CPU/slow_clk/count_reg[14]/C
High Pulse Width  Slow    FDRE/C   n/a            0.500         5.000       4.500      SLICE_X59Y33   U_CPU/slow_clk/count_reg[15]/C
High Pulse Width  Slow    FDRE/C   n/a            0.500         5.000       4.500      SLICE_X59Y33   U_CPU/slow_clk/count_reg[16]/C
High Pulse Width  Slow    FDRE/C   n/a            0.500         5.000       4.500      SLICE_X59Y34   U_CPU/slow_clk/count_reg[17]/C
High Pulse Width  Fast    FDRE/C   n/a            0.500         5.000       4.500      SLICE_X59Y34   U_CPU/slow_clk/count_reg[17]/C
High Pulse Width  Slow    FDRE/C   n/a            0.500         5.000       4.500      SLICE_X59Y34   U_CPU/slow_clk/count_reg[18]/C



