Copyright 1986-2018 Xilinx, Inc. All Rights Reserved.
-----------------------------------------------------------------------------------------------------------------------------------------------------------------------------------------------------
| Tool Version : Vivado v.2018.1 (win64) Build 2188600 Wed Apr  4 18:40:38 MDT 2018
| Date         : Thu Apr 30 15:27:02 2026
| Host         : LAPTOP-B9DFRR1L running 64-bit major release  (build 9200)
| Command      : report_timing_summary -max_paths 10 -file system_top_timing_summary_routed.rpt -pb system_top_timing_summary_routed.pb -rpx system_top_timing_summary_routed.rpx -warn_on_violation
| Design       : system_top
| Device       : 7a35t-cpg236
| Speed File   : -1  PRODUCTION 1.21 2018-02-08
-----------------------------------------------------------------------------------------------------------------------------------------------------------------------------------------------------

Timing Summary Report

------------------------------------------------------------------------------------------------
| Timer Settings
| --------------
------------------------------------------------------------------------------------------------

  Enable Multi Corner Analysis               :  Yes
  Enable Pessimism Removal                   :  Yes
  Pessimism Removal Resolution               :  Nearest Common Node
  Enable Input Delay Default Clock           :  No
  Enable Preset / Clear Arcs                 :  No
  Disable Flight Delays                      :  No
  Ignore I/O Paths                           :  No
  Timing Early Launch at Borrowing Latches   :  false

  Corner  Analyze    Analyze    
  Name    Max Paths  Min Paths  
  ------  ---------  ---------  
  Slow    Yes        Yes        
  Fast    Yes        Yes        



check_timing report

Table of Contents
-----------------
1. checking no_clock
2. checking constant_clock
3. checking pulse_width_clock
4. checking unconstrained_internal_endpoints
5. checking no_input_delay
6. checking no_output_delay
7. checking multiple_clock
8. checking generated_clocks
9. checking loops
10. checking partial_input_delay
11. checking partial_output_delay
12. checking latch_loops

1. checking no_clock
--------------------
 There are 11 register/latch pins with no clock driven by root clock pin: U_CPU/u_slow_clk/clk_status_reg/Q (HIGH)


2. checking constant_clock
--------------------------
 There are 0 register/latch pins with constant_clock.


3. checking pulse_width_clock
-----------------------------
 There are 0 register/latch pins which need pulse_width check


4. checking unconstrained_internal_endpoints
--------------------------------------------
 There are 30 pins that are not constrained for maximum delay. (HIGH)

 There are 0 pins that are not constrained for maximum delay due to constant clock.


5. checking no_input_delay
--------------------------
 There is 1 input port with no input delay specified. (HIGH)

 There are 0 input ports with no input delay but user has a false path constraint.


6. checking no_output_delay
---------------------------
 There are 15 ports with no output delay specified. (HIGH)

 There are 0 ports with no output delay but user has a false path constraint

 There are 0 ports with no output delay but with a timing clock defined on it or propagating through it


7. checking multiple_clock
--------------------------
 There are 0 register/latch pins with multiple clocks.


8. checking generated_clocks
----------------------------
 There are 0 generated clocks that are not connected to a clock source.


9. checking loops
-----------------
 There are 0 combinational loops in the design.


10. checking partial_input_delay
--------------------------------
 There are 0 input ports with partial input delay specified.


11. checking partial_output_delay
---------------------------------
 There are 0 ports with partial output delay specified.


12. checking latch_loops
------------------------
 There are 0 combinational latch loops in the design through latch input



------------------------------------------------------------------------------------------------
| Design Timing Summary
| ---------------------
------------------------------------------------------------------------------------------------

    WNS(ns)      TNS(ns)  TNS Failing Endpoints  TNS Total Endpoints      WHS(ns)      THS(ns)  THS Failing Endpoints  THS Total Endpoints     WPWS(ns)     TPWS(ns)  TPWS Failing Endpoints  TPWS Total Endpoints  
    -------      -------  ---------------------  -------------------      -------      -------  ---------------------  -------------------     --------     --------  ----------------------  --------------------  
      5.591        0.000                      0                   81        0.254        0.000                      0                   81        4.500        0.000                       0                    51  


All user specified timing constraints are met.


------------------------------------------------------------------------------------------------
| Clock Summary
| -------------
------------------------------------------------------------------------------------------------

Clock        Waveform(ns)       Period(ns)      Frequency(MHz)
-----        ------------       ----------      --------------
sys_clk_pin  {0.000 5.000}      10.000          100.000         


------------------------------------------------------------------------------------------------
| Intra Clock Table
| -----------------
------------------------------------------------------------------------------------------------

Clock             WNS(ns)      TNS(ns)  TNS Failing Endpoints  TNS Total Endpoints      WHS(ns)      THS(ns)  THS Failing Endpoints  THS Total Endpoints     WPWS(ns)     TPWS(ns)  TPWS Failing Endpoints  TPWS Total Endpoints  
-----             -------      -------  ---------------------  -------------------      -------      -------  ---------------------  -------------------     --------     --------  ----------------------  --------------------  
sys_clk_pin         5.591        0.000                      0                   81        0.254        0.000                      0                   81        4.500        0.000                       0                    51  


------------------------------------------------------------------------------------------------
| Inter Clock Table
| -----------------
------------------------------------------------------------------------------------------------

From Clock    To Clock          WNS(ns)      TNS(ns)  TNS Failing Endpoints  TNS Total Endpoints      WHS(ns)      THS(ns)  THS Failing Endpoints  THS Total Endpoints  
----------    --------          -------      -------  ---------------------  -------------------      -------      -------  ---------------------  -------------------  


------------------------------------------------------------------------------------------------
| Other Path Groups Table
| -----------------------
------------------------------------------------------------------------------------------------

Path Group    From Clock    To Clock          WNS(ns)      TNS(ns)  TNS Failing Endpoints  TNS Total Endpoints      WHS(ns)      THS(ns)  THS Failing Endpoints  THS Total Endpoints  
----------    ----------    --------          -------      -------  ---------------------  -------------------      -------      -------  ---------------------  -------------------  


------------------------------------------------------------------------------------------------
| Timing Details
| --------------
------------------------------------------------------------------------------------------------


---------------------------------------------------------------------------------------------------
From Clock:  sys_clk_pin
  To Clock:  sys_clk_pin

Setup :            0  Failing Endpoints,  Worst Slack        5.591ns,  Total Violation        0.000ns
Hold  :            0  Failing Endpoints,  Worst Slack        0.254ns,  Total Violation        0.000ns
PW    :            0  Failing Endpoints,  Worst Slack        4.500ns,  Total Violation        0.000ns
---------------------------------------------------------------------------------------------------


Max Delay Paths
--------------------------------------------------------------------------------------
Slack (MET) :             5.591ns  (required time - arrival time)
  Source:                 U_CPU/u_slow_clk/count_reg[4]/C
                            (rising edge-triggered cell FDRE clocked by sys_clk_pin  {rise@0.000ns fall@5.000ns period=10.000ns})
  Destination:            U_CPU/u_slow_clk/count_reg[1]/R
                            (rising edge-triggered cell FDRE clocked by sys_clk_pin  {rise@0.000ns fall@5.000ns period=10.000ns})
  Path Group:             sys_clk_pin
  Path Type:              Setup (Max at Slow Process Corner)
  Requirement:            10.000ns  (sys_clk_pin rise@10.000ns - sys_clk_pin rise@0.000ns)
  Data Path Delay:        3.945ns  (logic 1.058ns (26.821%)  route 2.887ns (73.179%))
  Logic Levels:           3  (LUT4=2 LUT5=1)
  Clock Path Skew:        0.000ns (DCD - SCD + CPR)
    Destination Clock Delay (DCD):    4.786ns = ( 14.786 - 10.000 ) 
    Source Clock Delay      (SCD):    5.084ns
    Clock Pessimism Removal (CPR):    0.298ns
  Clock Uncertainty:      0.035ns  ((TSJ^2 + TIJ^2)^1/2 + DJ) / 2 + PE
    Total System Jitter     (TSJ):    0.071ns
    Total Input Jitter      (TIJ):    0.000ns
    Discrete Jitter          (DJ):    0.000ns
    Phase Error              (PE):    0.000ns

    Location             Delay type                Incr(ns)  Path(ns)    Netlist Resource(s)
  -------------------------------------------------------------------    -------------------
                         (clock sys_clk_pin rise edge)
                                                      0.000     0.000 r  
    W5                                                0.000     0.000 r  Clk_100MHz (IN)
                         net (fo=0)                   0.000     0.000    Clk_100MHz
    W5                   IBUF (Prop_ibuf_I_O)         1.458     1.458 r  Clk_100MHz_IBUF_inst/O
                         net (fo=1, routed)           1.967     3.425    Clk_100MHz_IBUF
    BUFGCTRL_X0Y0        BUFG (Prop_bufg_I_O)         0.096     3.521 r  Clk_100MHz_IBUF_BUFG_inst/O
                         net (fo=50, routed)          1.563     5.084    U_CPU/u_slow_clk/Clk_100MHz_IBUF_BUFG
    SLICE_X55Y16         FDRE                                         r  U_CPU/u_slow_clk/count_reg[4]/C
  -------------------------------------------------------------------    -------------------
    SLICE_X55Y16         FDRE (Prop_fdre_C_Q)         0.456     5.540 f  U_CPU/u_slow_clk/count_reg[4]/Q
                         net (fo=2, routed)           0.833     6.374    U_CPU/u_slow_clk/count[4]
    SLICE_X54Y17         LUT4 (Prop_lut4_I1_O)        0.124     6.498 f  U_CPU/u_slow_clk/count[31]_i_8/O
                         net (fo=1, routed)           0.594     7.092    U_CPU/u_slow_clk/count[31]_i_8_n_0
    SLICE_X54Y16         LUT5 (Prop_lut5_I4_O)        0.150     7.242 f  U_CPU/u_slow_clk/count[31]_i_4/O
                         net (fo=2, routed)           0.748     7.990    U_CPU/u_slow_clk/count[31]_i_4_n_0
    SLICE_X54Y20         LUT4 (Prop_lut4_I2_O)        0.328     8.318 r  U_CPU/u_slow_clk/count[31]_i_1/O
                         net (fo=31, routed)          0.711     9.029    U_CPU/u_slow_clk/clk_status
    SLICE_X55Y16         FDRE                                         r  U_CPU/u_slow_clk/count_reg[1]/R
  -------------------------------------------------------------------    -------------------

                         (clock sys_clk_pin rise edge)
                                                     10.000    10.000 r  
    W5                                                0.000    10.000 r  Clk_100MHz (IN)
                         net (fo=0)                   0.000    10.000    Clk_100MHz
    W5                   IBUF (Prop_ibuf_I_O)         1.388    11.388 r  Clk_100MHz_IBUF_inst/O
                         net (fo=1, routed)           1.862    13.250    Clk_100MHz_IBUF
    BUFGCTRL_X0Y0        BUFG (Prop_bufg_I_O)         0.091    13.341 r  Clk_100MHz_IBUF_BUFG_inst/O
                         net (fo=50, routed)          1.445    14.786    U_CPU/u_slow_clk/Clk_100MHz_IBUF_BUFG
    SLICE_X55Y16         FDRE                                         r  U_CPU/u_slow_clk/count_reg[1]/C
                         clock pessimism              0.298    15.084    
                         clock uncertainty           -0.035    15.049    
    SLICE_X55Y16         FDRE (Setup_fdre_C_R)       -0.429    14.620    U_CPU/u_slow_clk/count_reg[1]
  -------------------------------------------------------------------
                         required time                         14.620    
                         arrival time                          -9.029    
  -------------------------------------------------------------------
                         slack                                  5.591    

Slack (MET) :             5.591ns  (required time - arrival time)
  Source:                 U_CPU/u_slow_clk/count_reg[4]/C
                            (rising edge-triggered cell FDRE clocked by sys_clk_pin  {rise@0.000ns fall@5.000ns period=10.000ns})
  Destination:            U_CPU/u_slow_clk/count_reg[2]/R
                            (rising edge-triggered cell FDRE clocked by sys_clk_pin  {rise@0.000ns fall@5.000ns period=10.000ns})
  Path Group:             sys_clk_pin
  Path Type:              Setup (Max at Slow Process Corner)
  Requirement:            10.000ns  (sys_clk_pin rise@10.000ns - sys_clk_pin rise@0.000ns)
  Data Path Delay:        3.945ns  (logic 1.058ns (26.821%)  route 2.887ns (73.179%))
  Logic Levels:           3  (LUT4=2 LUT5=1)
  Clock Path Skew:        0.000ns (DCD - SCD + CPR)
    Destination Clock Delay (DCD):    4.786ns = ( 14.786 - 10.000 ) 
    Source Clock Delay      (SCD):    5.084ns
    Clock Pessimism Removal (CPR):    0.298ns
  Clock Uncertainty:      0.035ns  ((TSJ^2 + TIJ^2)^1/2 + DJ) / 2 + PE
    Total System Jitter     (TSJ):    0.071ns
    Total Input Jitter      (TIJ):    0.000ns
    Discrete Jitter          (DJ):    0.000ns
    Phase Error              (PE):    0.000ns

    Location             Delay type                Incr(ns)  Path(ns)    Netlist Resource(s)
  -------------------------------------------------------------------    -------------------
                         (clock sys_clk_pin rise edge)
                                                      0.000     0.000 r  
    W5                                                0.000     0.000 r  Clk_100MHz (IN)
                         net (fo=0)                   0.000     0.000    Clk_100MHz
    W5                   IBUF (Prop_ibuf_I_O)         1.458     1.458 r  Clk_100MHz_IBUF_inst/O
                         net (fo=1, routed)           1.967     3.425    Clk_100MHz_IBUF
    BUFGCTRL_X0Y0        BUFG (Prop_bufg_I_O)         0.096     3.521 r  Clk_100MHz_IBUF_BUFG_inst/O
                         net (fo=50, routed)          1.563     5.084    U_CPU/u_slow_clk/Clk_100MHz_IBUF_BUFG
    SLICE_X55Y16         FDRE                                         r  U_CPU/u_slow_clk/count_reg[4]/C
  -------------------------------------------------------------------    -------------------
    SLICE_X55Y16         FDRE (Prop_fdre_C_Q)         0.456     5.540 f  U_CPU/u_slow_clk/count_reg[4]/Q
                         net (fo=2, routed)           0.833     6.374    U_CPU/u_slow_clk/count[4]
    SLICE_X54Y17         LUT4 (Prop_lut4_I1_O)        0.124     6.498 f  U_CPU/u_slow_clk/count[31]_i_8/O
                         net (fo=1, routed)           0.594     7.092    U_CPU/u_slow_clk/count[31]_i_8_n_0
    SLICE_X54Y16         LUT5 (Prop_lut5_I4_O)        0.150     7.242 f  U_CPU/u_slow_clk/count[31]_i_4/O
                         net (fo=2, routed)           0.748     7.990    U_CPU/u_slow_clk/count[31]_i_4_n_0
    SLICE_X54Y20         LUT4 (Prop_lut4_I2_O)        0.328     8.318 r  U_CPU/u_slow_clk/count[31]_i_1/O
                         net (fo=31, routed)          0.711     9.029    U_CPU/u_slow_clk/clk_status
    SLICE_X55Y16         FDRE                                         r  U_CPU/u_slow_clk/count_reg[2]/R
  -------------------------------------------------------------------    -------------------

                         (clock sys_clk_pin rise edge)
                                                     10.000    10.000 r  
    W5                                                0.000    10.000 r  Clk_100MHz (IN)
                         net (fo=0)                   0.000    10.000    Clk_100MHz
    W5                   IBUF (Prop_ibuf_I_O)         1.388    11.388 r  Clk_100MHz_IBUF_inst/O
                         net (fo=1, routed)           1.862    13.250    Clk_100MHz_IBUF
    BUFGCTRL_X0Y0        BUFG (Prop_bufg_I_O)         0.091    13.341 r  Clk_100MHz_IBUF_BUFG_inst/O
                         net (fo=50, routed)          1.445    14.786    U_CPU/u_slow_clk/Clk_100MHz_IBUF_BUFG
    SLICE_X55Y16         FDRE                                         r  U_CPU/u_slow_clk/count_reg[2]/C
                         clock pessimism              0.298    15.084    
                         clock uncertainty           -0.035    15.049    
    SLICE_X55Y16         FDRE (Setup_fdre_C_R)       -0.429    14.620    U_CPU/u_slow_clk/count_reg[2]
  -------------------------------------------------------------------
                         required time                         14.620    
                         arrival time                          -9.029    
  -------------------------------------------------------------------
                         slack                                  5.591    

Slack (MET) :             5.591ns  (required time - arrival time)
  Source:                 U_CPU/u_slow_clk/count_reg[4]/C
                            (rising edge-triggered cell FDRE clocked by sys_clk_pin  {rise@0.000ns fall@5.000ns period=10.000ns})
  Destination:            U_CPU/u_slow_clk/count_reg[3]/R
                            (rising edge-triggered cell FDRE clocked by sys_clk_pin  {rise@0.000ns fall@5.000ns period=10.000ns})
  Path Group:             sys_clk_pin
  Path Type:              Setup (Max at Slow Process Corner)
  Requirement:            10.000ns  (sys_clk_pin rise@10.000ns - sys_clk_pin rise@0.000ns)
  Data Path Delay:        3.945ns  (logic 1.058ns (26.821%)  route 2.887ns (73.179%))
  Logic Levels:           3  (LUT4=2 LUT5=1)
  Clock Path Skew:        0.000ns (DCD - SCD + CPR)
    Destination Clock Delay (DCD):    4.786ns = ( 14.786 - 10.000 ) 
    Source Clock Delay      (SCD):    5.084ns
    Clock Pessimism Removal (CPR):    0.298ns
  Clock Uncertainty:      0.035ns  ((TSJ^2 + TIJ^2)^1/2 + DJ) / 2 + PE
    Total System Jitter     (TSJ):    0.071ns
    Total Input Jitter      (TIJ):    0.000ns
    Discrete Jitter          (DJ):    0.000ns
    Phase Error              (PE):    0.000ns

    Location             Delay type                Incr(ns)  Path(ns)    Netlist Resource(s)
  -------------------------------------------------------------------    -------------------
                         (clock sys_clk_pin rise edge)
                                                      0.000     0.000 r  
    W5                                                0.000     0.000 r  Clk_100MHz (IN)
                         net (fo=0)                   0.000     0.000    Clk_100MHz
    W5                   IBUF (Prop_ibuf_I_O)         1.458     1.458 r  Clk_100MHz_IBUF_inst/O
                         net (fo=1, routed)           1.967     3.425    Clk_100MHz_IBUF
    BUFGCTRL_X0Y0        BUFG (Prop_bufg_I_O)         0.096     3.521 r  Clk_100MHz_IBUF_BUFG_inst/O
                         net (fo=50, routed)          1.563     5.084    U_CPU/u_slow_clk/Clk_100MHz_IBUF_BUFG
    SLICE_X55Y16         FDRE                                         r  U_CPU/u_slow_clk/count_reg[4]/C
  -------------------------------------------------------------------    -------------------
    SLICE_X55Y16         FDRE (Prop_fdre_C_Q)         0.456     5.540 f  U_CPU/u_slow_clk/count_reg[4]/Q
                         net (fo=2, routed)           0.833     6.374    U_CPU/u_slow_clk/count[4]
    SLICE_X54Y17         LUT4 (Prop_lut4_I1_O)        0.124     6.498 f  U_CPU/u_slow_clk/count[31]_i_8/O
                         net (fo=1, routed)           0.594     7.092    U_CPU/u_slow_clk/count[31]_i_8_n_0
    SLICE_X54Y16         LUT5 (Prop_lut5_I4_O)        0.150     7.242 f  U_CPU/u_slow_clk/count[31]_i_4/O
                         net (fo=2, routed)           0.748     7.990    U_CPU/u_slow_clk/count[31]_i_4_n_0
    SLICE_X54Y20         LUT4 (Prop_lut4_I2_O)        0.328     8.318 r  U_CPU/u_slow_clk/count[31]_i_1/O
                         net (fo=31, routed)          0.711     9.029    U_CPU/u_slow_clk/clk_status
    SLICE_X55Y16         FDRE                                         r  U_CPU/u_slow_clk/count_reg[3]/R
  -------------------------------------------------------------------    -------------------

                         (clock sys_clk_pin rise edge)
                                                     10.000    10.000 r  
    W5                                                0.000    10.000 r  Clk_100MHz (IN)
                         net (fo=0)                   0.000    10.000    Clk_100MHz
    W5                   IBUF (Prop_ibuf_I_O)         1.388    11.388 r  Clk_100MHz_IBUF_inst/O
                         net (fo=1, routed)           1.862    13.250    Clk_100MHz_IBUF
    BUFGCTRL_X0Y0        BUFG (Prop_bufg_I_O)         0.091    13.341 r  Clk_100MHz_IBUF_BUFG_inst/O
                         net (fo=50, routed)          1.445    14.786    U_CPU/u_slow_clk/Clk_100MHz_IBUF_BUFG
    SLICE_X55Y16         FDRE                                         r  U_CPU/u_slow_clk/count_reg[3]/C
                         clock pessimism              0.298    15.084    
                         clock uncertainty           -0.035    15.049    
    SLICE_X55Y16         FDRE (Setup_fdre_C_R)       -0.429    14.620    U_CPU/u_slow_clk/count_reg[3]
  -------------------------------------------------------------------
                         required time                         14.620    
                         arrival time                          -9.029    
  -------------------------------------------------------------------
                         slack                                  5.591    

Slack (MET) :             5.591ns  (required time - arrival time)
  Source:                 U_CPU/u_slow_clk/count_reg[4]/C
                            (rising edge-triggered cell FDRE clocked by sys_clk_pin  {rise@0.000ns fall@5.000ns period=10.000ns})
  Destination:            U_CPU/u_slow_clk/count_reg[4]/R
                            (rising edge-triggered cell FDRE clocked by sys_clk_pin  {rise@0.000ns fall@5.000ns period=10.000ns})
  Path Group:             sys_clk_pin
  Path Type:              Setup (Max at Slow Process Corner)
  Requirement:            10.000ns  (sys_clk_pin rise@10.000ns - sys_clk_pin rise@0.000ns)
  Data Path Delay:        3.945ns  (logic 1.058ns (26.821%)  route 2.887ns (73.179%))
  Logic Levels:           3  (LUT4=2 LUT5=1)
  Clock Path Skew:        0.000ns (DCD - SCD + CPR)
    Destination Clock Delay (DCD):    4.786ns = ( 14.786 - 10.000 ) 
    Source Clock Delay      (SCD):    5.084ns
    Clock Pessimism Removal (CPR):    0.298ns
  Clock Uncertainty:      0.035ns  ((TSJ^2 + TIJ^2)^1/2 + DJ) / 2 + PE
    Total System Jitter     (TSJ):    0.071ns
    Total Input Jitter      (TIJ):    0.000ns
    Discrete Jitter          (DJ):    0.000ns
    Phase Error              (PE):    0.000ns

    Location             Delay type                Incr(ns)  Path(ns)    Netlist Resource(s)
  -------------------------------------------------------------------    -------------------
                         (clock sys_clk_pin rise edge)
                                                      0.000     0.000 r  
    W5                                                0.000     0.000 r  Clk_100MHz (IN)
                         net (fo=0)                   0.000     0.000    Clk_100MHz
    W5                   IBUF (Prop_ibuf_I_O)         1.458     1.458 r  Clk_100MHz_IBUF_inst/O
                         net (fo=1, routed)           1.967     3.425    Clk_100MHz_IBUF
    BUFGCTRL_X0Y0        BUFG (Prop_bufg_I_O)         0.096     3.521 r  Clk_100MHz_IBUF_BUFG_inst/O
                         net (fo=50, routed)          1.563     5.084    U_CPU/u_slow_clk/Clk_100MHz_IBUF_BUFG
    SLICE_X55Y16         FDRE                                         r  U_CPU/u_slow_clk/count_reg[4]/C
  -------------------------------------------------------------------    -------------------
    SLICE_X55Y16         FDRE (Prop_fdre_C_Q)         0.456     5.540 f  U_CPU/u_slow_clk/count_reg[4]/Q
                         net (fo=2, routed)           0.833     6.374    U_CPU/u_slow_clk/count[4]
    SLICE_X54Y17         LUT4 (Prop_lut4_I1_O)        0.124     6.498 f  U_CPU/u_slow_clk/count[31]_i_8/O
                         net (fo=1, routed)           0.594     7.092    U_CPU/u_slow_clk/count[31]_i_8_n_0
    SLICE_X54Y16         LUT5 (Prop_lut5_I4_O)        0.150     7.242 f  U_CPU/u_slow_clk/count[31]_i_4/O
                         net (fo=2, routed)           0.748     7.990    U_CPU/u_slow_clk/count[31]_i_4_n_0
    SLICE_X54Y20         LUT4 (Prop_lut4_I2_O)        0.328     8.318 r  U_CPU/u_slow_clk/count[31]_i_1/O
                         net (fo=31, routed)          0.711     9.029    U_CPU/u_slow_clk/clk_status
    SLICE_X55Y16         FDRE                                         r  U_CPU/u_slow_clk/count_reg[4]/R
  -------------------------------------------------------------------    -------------------

                         (clock sys_clk_pin rise edge)
                                                     10.000    10.000 r  
    W5                                                0.000    10.000 r  Clk_100MHz (IN)
                         net (fo=0)                   0.000    10.000    Clk_100MHz
    W5                   IBUF (Prop_ibuf_I_O)         1.388    11.388 r  Clk_100MHz_IBUF_inst/O
                         net (fo=1, routed)           1.862    13.250    Clk_100MHz_IBUF
    BUFGCTRL_X0Y0        BUFG (Prop_bufg_I_O)         0.091    13.341 r  Clk_100MHz_IBUF_BUFG_inst/O
                         net (fo=50, routed)          1.445    14.786    U_CPU/u_slow_clk/Clk_100MHz_IBUF_BUFG
    SLICE_X55Y16         FDRE                                         r  U_CPU/u_slow_clk/count_reg[4]/C
                         clock pessimism              0.298    15.084    
                         clock uncertainty           -0.035    15.049    
    SLICE_X55Y16         FDRE (Setup_fdre_C_R)       -0.429    14.620    U_CPU/u_slow_clk/count_reg[4]
  -------------------------------------------------------------------
                         required time                         14.620    
                         arrival time                          -9.029    
  -------------------------------------------------------------------
                         slack                                  5.591    

Slack (MET) :             5.614ns  (required time - arrival time)
  Source:                 U_CPU/u_slow_clk/count_reg[4]/C
                            (rising edge-triggered cell FDRE clocked by sys_clk_pin  {rise@0.000ns fall@5.000ns period=10.000ns})
  Destination:            U_CPU/u_slow_clk/count_reg[17]/R
                            (rising edge-triggered cell FDRE clocked by sys_clk_pin  {rise@0.000ns fall@5.000ns period=10.000ns})
  Path Group:             sys_clk_pin
  Path Type:              Setup (Max at Slow Process Corner)
  Requirement:            10.000ns  (sys_clk_pin rise@10.000ns - sys_clk_pin rise@0.000ns)
  Data Path Delay:        3.894ns  (logic 1.058ns (27.171%)  route 2.836ns (72.829%))
  Logic Levels:           3  (LUT4=2 LUT5=1)
  Clock Path Skew:        -0.028ns (DCD - SCD + CPR)
    Destination Clock Delay (DCD):    4.782ns = ( 14.782 - 10.000 ) 
    Source Clock Delay      (SCD):    5.084ns
    Clock Pessimism Removal (CPR):    0.274ns
  Clock Uncertainty:      0.035ns  ((TSJ^2 + TIJ^2)^1/2 + DJ) / 2 + PE
    Total System Jitter     (TSJ):    0.071ns
    Total Input Jitter      (TIJ):    0.000ns
    Discrete Jitter          (DJ):    0.000ns
    Phase Error              (PE):    0.000ns

    Location             Delay type                Incr(ns)  Path(ns)    Netlist Resource(s)
  -------------------------------------------------------------------    -------------------
                         (clock sys_clk_pin rise edge)
                                                      0.000     0.000 r  
    W5                                                0.000     0.000 r  Clk_100MHz (IN)
                         net (fo=0)                   0.000     0.000    Clk_100MHz
    W5                   IBUF (Prop_ibuf_I_O)         1.458     1.458 r  Clk_100MHz_IBUF_inst/O
                         net (fo=1, routed)           1.967     3.425    Clk_100MHz_IBUF
    BUFGCTRL_X0Y0        BUFG (Prop_bufg_I_O)         0.096     3.521 r  Clk_100MHz_IBUF_BUFG_inst/O
                         net (fo=50, routed)          1.563     5.084    U_CPU/u_slow_clk/Clk_100MHz_IBUF_BUFG
    SLICE_X55Y16         FDRE                                         r  U_CPU/u_slow_clk/count_reg[4]/C
  -------------------------------------------------------------------    -------------------
    SLICE_X55Y16         FDRE (Prop_fdre_C_Q)         0.456     5.540 f  U_CPU/u_slow_clk/count_reg[4]/Q
                         net (fo=2, routed)           0.833     6.374    U_CPU/u_slow_clk/count[4]
    SLICE_X54Y17         LUT4 (Prop_lut4_I1_O)        0.124     6.498 f  U_CPU/u_slow_clk/count[31]_i_8/O
                         net (fo=1, routed)           0.594     7.092    U_CPU/u_slow_clk/count[31]_i_8_n_0
    SLICE_X54Y16         LUT5 (Prop_lut5_I4_O)        0.150     7.242 f  U_CPU/u_slow_clk/count[31]_i_4/O
                         net (fo=2, routed)           0.748     7.990    U_CPU/u_slow_clk/count[31]_i_4_n_0
    SLICE_X54Y20         LUT4 (Prop_lut4_I2_O)        0.328     8.318 r  U_CPU/u_slow_clk/count[31]_i_1/O
                         net (fo=31, routed)          0.660     8.978    U_CPU/u_slow_clk/clk_status
    SLICE_X55Y20         FDRE                                         r  U_CPU/u_slow_clk/count_reg[17]/R
  -------------------------------------------------------------------    -------------------

                         (clock sys_clk_pin rise edge)
                                                     10.000    10.000 r  
    W5                                                0.000    10.000 r  Clk_100MHz (IN)
                         net (fo=0)                   0.000    10.000    Clk_100MHz
    W5                   IBUF (Prop_ibuf_I_O)         1.388    11.388 r  Clk_100MHz_IBUF_inst/O
                         net (fo=1, routed)           1.862    13.250    Clk_100MHz_IBUF
    BUFGCTRL_X0Y0        BUFG (Prop_bufg_I_O)         0.091    13.341 r  Clk_100MHz_IBUF_BUFG_inst/O
                         net (fo=50, routed)          1.441    14.782    U_CPU/u_slow_clk/Clk_100MHz_IBUF_BUFG
    SLICE_X55Y20         FDRE                                         r  U_CPU/u_slow_clk/count_reg[17]/C
                         clock pessimism              0.274    15.056    
                         clock uncertainty           -0.035    15.021    
    SLICE_X55Y20         FDRE (Setup_fdre_C_R)       -0.429    14.592    U_CPU/u_slow_clk/count_reg[17]
  -------------------------------------------------------------------
                         required time                         14.592    
                         arrival time                          -8.978    
  -------------------------------------------------------------------
                         slack                                  5.614    

Slack (MET) :             5.614ns  (required time - arrival time)
  Source:                 U_CPU/u_slow_clk/count_reg[4]/C
                            (rising edge-triggered cell FDRE clocked by sys_clk_pin  {rise@0.000ns fall@5.000ns period=10.000ns})
  Destination:            U_CPU/u_slow_clk/count_reg[18]/R
                            (rising edge-triggered cell FDRE clocked by sys_clk_pin  {rise@0.000ns fall@5.000ns period=10.000ns})
  Path Group:             sys_clk_pin
  Path Type:              Setup (Max at Slow Process Corner)
  Requirement:            10.000ns  (sys_clk_pin rise@10.000ns - sys_clk_pin rise@0.000ns)
  Data Path Delay:        3.894ns  (logic 1.058ns (27.171%)  route 2.836ns (72.829%))
  Logic Levels:           3  (LUT4=2 LUT5=1)
  Clock Path Skew:        -0.028ns (DCD - SCD + CPR)
    Destination Clock Delay (DCD):    4.782ns = ( 14.782 - 10.000 ) 
    Source Clock Delay      (SCD):    5.084ns
    Clock Pessimism Removal (CPR):    0.274ns
  Clock Uncertainty:      0.035ns  ((TSJ^2 + TIJ^2)^1/2 + DJ) / 2 + PE
    Total System Jitter     (TSJ):    0.071ns
    Total Input Jitter      (TIJ):    0.000ns
    Discrete Jitter          (DJ):    0.000ns
    Phase Error              (PE):    0.000ns

    Location             Delay type                Incr(ns)  Path(ns)    Netlist Resource(s)
  -------------------------------------------------------------------    -------------------
                         (clock sys_clk_pin rise edge)
                                                      0.000     0.000 r  
    W5                                                0.000     0.000 r  Clk_100MHz (IN)
                         net (fo=0)                   0.000     0.000    Clk_100MHz
    W5                   IBUF (Prop_ibuf_I_O)         1.458     1.458 r  Clk_100MHz_IBUF_inst/O
                         net (fo=1, routed)           1.967     3.425    Clk_100MHz_IBUF
    BUFGCTRL_X0Y0        BUFG (Prop_bufg_I_O)         0.096     3.521 r  Clk_100MHz_IBUF_BUFG_inst/O
                         net (fo=50, routed)          1.563     5.084    U_CPU/u_slow_clk/Clk_100MHz_IBUF_BUFG
    SLICE_X55Y16         FDRE                                         r  U_CPU/u_slow_clk/count_reg[4]/C
  -------------------------------------------------------------------    -------------------
    SLICE_X55Y16         FDRE (Prop_fdre_C_Q)         0.456     5.540 f  U_CPU/u_slow_clk/count_reg[4]/Q
                         net (fo=2, routed)           0.833     6.374    U_CPU/u_slow_clk/count[4]
    SLICE_X54Y17         LUT4 (Prop_lut4_I1_O)        0.124     6.498 f  U_CPU/u_slow_clk/count[31]_i_8/O
                         net (fo=1, routed)           0.594     7.092    U_CPU/u_slow_clk/count[31]_i_8_n_0
    SLICE_X54Y16         LUT5 (Prop_lut5_I4_O)        0.150     7.242 f  U_CPU/u_slow_clk/count[31]_i_4/O
                         net (fo=2, routed)           0.748     7.990    U_CPU/u_slow_clk/count[31]_i_4_n_0
    SLICE_X54Y20         LUT4 (Prop_lut4_I2_O)        0.328     8.318 r  U_CPU/u_slow_clk/count[31]_i_1/O
                         net (fo=31, routed)          0.660     8.978    U_CPU/u_slow_clk/clk_status
    SLICE_X55Y20         FDRE                                         r  U_CPU/u_slow_clk/count_reg[18]/R
  -------------------------------------------------------------------    -------------------

                         (clock sys_clk_pin rise edge)
                                                     10.000    10.000 r  
    W5                                                0.000    10.000 r  Clk_100MHz (IN)
                         net (fo=0)                   0.000    10.000    Clk_100MHz
    W5                   IBUF (Prop_ibuf_I_O)         1.388    11.388 r  Clk_100MHz_IBUF_inst/O
                         net (fo=1, routed)           1.862    13.250    Clk_100MHz_IBUF
    BUFGCTRL_X0Y0        BUFG (Prop_bufg_I_O)         0.091    13.341 r  Clk_100MHz_IBUF_BUFG_inst/O
                         net (fo=50, routed)          1.441    14.782    U_CPU/u_slow_clk/Clk_100MHz_IBUF_BUFG
    SLICE_X55Y20         FDRE                                         r  U_CPU/u_slow_clk/count_reg[18]/C
                         clock pessimism              0.274    15.056    
                         clock uncertainty           -0.035    15.021    
    SLICE_X55Y20         FDRE (Setup_fdre_C_R)       -0.429    14.592    U_CPU/u_slow_clk/count_reg[18]
  -------------------------------------------------------------------
                         required time                         14.592    
                         arrival time                          -8.978    
  -------------------------------------------------------------------
                         slack                                  5.614    

Slack (MET) :             5.614ns  (required time - arrival time)
  Source:                 U_CPU/u_slow_clk/count_reg[4]/C
                            (rising edge-triggered cell FDRE clocked by sys_clk_pin  {rise@0.000ns fall@5.000ns period=10.000ns})
  Destination:            U_CPU/u_slow_clk/count_reg[19]/R
                            (rising edge-triggered cell FDRE clocked by sys_clk_pin  {rise@0.000ns fall@5.000ns period=10.000ns})
  Path Group:             sys_clk_pin
  Path Type:              Setup (Max at Slow Process Corner)
  Requirement:            10.000ns  (sys_clk_pin rise@10.000ns - sys_clk_pin rise@0.000ns)
  Data Path Delay:        3.894ns  (logic 1.058ns (27.171%)  route 2.836ns (72.829%))
  Logic Levels:           3  (LUT4=2 LUT5=1)
  Clock Path Skew:        -0.028ns (DCD - SCD + CPR)
    Destination Clock Delay (DCD):    4.782ns = ( 14.782 - 10.000 ) 
    Source Clock Delay      (SCD):    5.084ns
    Clock Pessimism Removal (CPR):    0.274ns
  Clock Uncertainty:      0.035ns  ((TSJ^2 + TIJ^2)^1/2 + DJ) / 2 + PE
    Total System Jitter     (TSJ):    0.071ns
    Total Input Jitter      (TIJ):    0.000ns
    Discrete Jitter          (DJ):    0.000ns
    Phase Error              (PE):    0.000ns

    Location             Delay type                Incr(ns)  Path(ns)    Netlist Resource(s)
  -------------------------------------------------------------------    -------------------
                         (clock sys_clk_pin rise edge)
                                                      0.000     0.000 r  
    W5                                                0.000     0.000 r  Clk_100MHz (IN)
                         net (fo=0)                   0.000     0.000    Clk_100MHz
    W5                   IBUF (Prop_ibuf_I_O)         1.458     1.458 r  Clk_100MHz_IBUF_inst/O
                         net (fo=1, routed)           1.967     3.425    Clk_100MHz_IBUF
    BUFGCTRL_X0Y0        BUFG (Prop_bufg_I_O)         0.096     3.521 r  Clk_100MHz_IBUF_BUFG_inst/O
                         net (fo=50, routed)          1.563     5.084    U_CPU/u_slow_clk/Clk_100MHz_IBUF_BUFG
    SLICE_X55Y16         FDRE                                         r  U_CPU/u_slow_clk/count_reg[4]/C
  -------------------------------------------------------------------    -------------------
    SLICE_X55Y16         FDRE (Prop_fdre_C_Q)         0.456     5.540 f  U_CPU/u_slow_clk/count_reg[4]/Q
                         net (fo=2, routed)           0.833     6.374    U_CPU/u_slow_clk/count[4]
    SLICE_X54Y17         LUT4 (Prop_lut4_I1_O)        0.124     6.498 f  U_CPU/u_slow_clk/count[31]_i_8/O
                         net (fo=1, routed)           0.594     7.092    U_CPU/u_slow_clk/count[31]_i_8_n_0
    SLICE_X54Y16         LUT5 (Prop_lut5_I4_O)        0.150     7.242 f  U_CPU/u_slow_clk/count[31]_i_4/O
                         net (fo=2, routed)           0.748     7.990    U_CPU/u_slow_clk/count[31]_i_4_n_0
    SLICE_X54Y20         LUT4 (Prop_lut4_I2_O)        0.328     8.318 r  U_CPU/u_slow_clk/count[31]_i_1/O
                         net (fo=31, routed)          0.660     8.978    U_CPU/u_slow_clk/clk_status
    SLICE_X55Y20         FDRE                                         r  U_CPU/u_slow_clk/count_reg[19]/R
  -------------------------------------------------------------------    -------------------

                         (clock sys_clk_pin rise edge)
                                                     10.000    10.000 r  
    W5                                                0.000    10.000 r  Clk_100MHz (IN)
                         net (fo=0)                   0.000    10.000    Clk_100MHz
    W5                   IBUF (Prop_ibuf_I_O)         1.388    11.388 r  Clk_100MHz_IBUF_inst/O
                         net (fo=1, routed)           1.862    13.250    Clk_100MHz_IBUF
    BUFGCTRL_X0Y0        BUFG (Prop_bufg_I_O)         0.091    13.341 r  Clk_100MHz_IBUF_BUFG_inst/O
                         net (fo=50, routed)          1.441    14.782    U_CPU/u_slow_clk/Clk_100MHz_IBUF_BUFG
    SLICE_X55Y20         FDRE                                         r  U_CPU/u_slow_clk/count_reg[19]/C
                         clock pessimism              0.274    15.056    
                         clock uncertainty           -0.035    15.021    
    SLICE_X55Y20         FDRE (Setup_fdre_C_R)       -0.429    14.592    U_CPU/u_slow_clk/count_reg[19]
  -------------------------------------------------------------------
                         required time                         14.592    
                         arrival time                          -8.978    
  -------------------------------------------------------------------
                         slack                                  5.614    

Slack (MET) :             5.614ns  (required time - arrival time)
  Source:                 U_CPU/u_slow_clk/count_reg[4]/C
                            (rising edge-triggered cell FDRE clocked by sys_clk_pin  {rise@0.000ns fall@5.000ns period=10.000ns})
  Destination:            U_CPU/u_slow_clk/count_reg[20]/R
                            (rising edge-triggered cell FDRE clocked by sys_clk_pin  {rise@0.000ns fall@5.000ns period=10.000ns})
  Path Group:             sys_clk_pin
  Path Type:              Setup (Max at Slow Process Corner)
  Requirement:            10.000ns  (sys_clk_pin rise@10.000ns - sys_clk_pin rise@0.000ns)
  Data Path Delay:        3.894ns  (logic 1.058ns (27.171%)  route 2.836ns (72.829%))
  Logic Levels:           3  (LUT4=2 LUT5=1)
  Clock Path Skew:        -0.028ns (DCD - SCD + CPR)
    Destination Clock Delay (DCD):    4.782ns = ( 14.782 - 10.000 ) 
    Source Clock Delay      (SCD):    5.084ns
    Clock Pessimism Removal (CPR):    0.274ns
  Clock Uncertainty:      0.035ns  ((TSJ^2 + TIJ^2)^1/2 + DJ) / 2 + PE
    Total System Jitter     (TSJ):    0.071ns
    Total Input Jitter      (TIJ):    0.000ns
    Discrete Jitter          (DJ):    0.000ns
    Phase Error              (PE):    0.000ns

    Location             Delay type                Incr(ns)  Path(ns)    Netlist Resource(s)
  -------------------------------------------------------------------    -------------------
                         (clock sys_clk_pin rise edge)
                                                      0.000     0.000 r  
    W5                                                0.000     0.000 r  Clk_100MHz (IN)
                         net (fo=0)                   0.000     0.000    Clk_100MHz
    W5                   IBUF (Prop_ibuf_I_O)         1.458     1.458 r  Clk_100MHz_IBUF_inst/O
                         net (fo=1, routed)           1.967     3.425    Clk_100MHz_IBUF
    BUFGCTRL_X0Y0        BUFG (Prop_bufg_I_O)         0.096     3.521 r  Clk_100MHz_IBUF_BUFG_inst/O
                         net (fo=50, routed)          1.563     5.084    U_CPU/u_slow_clk/Clk_100MHz_IBUF_BUFG
    SLICE_X55Y16         FDRE                                         r  U_CPU/u_slow_clk/count_reg[4]/C
  -------------------------------------------------------------------    -------------------
    SLICE_X55Y16         FDRE (Prop_fdre_C_Q)         0.456     5.540 f  U_CPU/u_slow_clk/count_reg[4]/Q
                         net (fo=2, routed)           0.833     6.374    U_CPU/u_slow_clk/count[4]
    SLICE_X54Y17         LUT4 (Prop_lut4_I1_O)        0.124     6.498 f  U_CPU/u_slow_clk/count[31]_i_8/O
                         net (fo=1, routed)           0.594     7.092    U_CPU/u_slow_clk/count[31]_i_8_n_0
    SLICE_X54Y16         LUT5 (Prop_lut5_I4_O)        0.150     7.242 f  U_CPU/u_slow_clk/count[31]_i_4/O
                         net (fo=2, routed)           0.748     7.990    U_CPU/u_slow_clk/count[31]_i_4_n_0
    SLICE_X54Y20         LUT4 (Prop_lut4_I2_O)        0.328     8.318 r  U_CPU/u_slow_clk/count[31]_i_1/O
                         net (fo=31, routed)          0.660     8.978    U_CPU/u_slow_clk/clk_status
    SLICE_X55Y20         FDRE                                         r  U_CPU/u_slow_clk/count_reg[20]/R
  -------------------------------------------------------------------    -------------------

                         (clock sys_clk_pin rise edge)
                                                     10.000    10.000 r  
    W5                                                0.000    10.000 r  Clk_100MHz (IN)
                         net (fo=0)                   0.000    10.000    Clk_100MHz
    W5                   IBUF (Prop_ibuf_I_O)         1.388    11.388 r  Clk_100MHz_IBUF_inst/O
                         net (fo=1, routed)           1.862    13.250    Clk_100MHz_IBUF
    BUFGCTRL_X0Y0        BUFG (Prop_bufg_I_O)         0.091    13.341 r  Clk_100MHz_IBUF_BUFG_inst/O
                         net (fo=50, routed)          1.441    14.782    U_CPU/u_slow_clk/Clk_100MHz_IBUF_BUFG
    SLICE_X55Y20         FDRE                                         r  U_CPU/u_slow_clk/count_reg[20]/C
                         clock pessimism              0.274    15.056    
                         clock uncertainty           -0.035    15.021    
    SLICE_X55Y20         FDRE (Setup_fdre_C_R)       -0.429    14.592    U_CPU/u_slow_clk/count_reg[20]
  -------------------------------------------------------------------
                         required time                         14.592    
                         arrival time                          -8.978    
  -------------------------------------------------------------------
                         slack                                  5.614    

Slack (MET) :             5.615ns  (required time - arrival time)
  Source:                 U_CPU/u_slow_clk/count_reg[4]/C
                            (rising edge-triggered cell FDRE clocked by sys_clk_pin  {rise@0.000ns fall@5.000ns period=10.000ns})
  Destination:            U_CPU/u_slow_clk/count_reg[5]/R
                            (rising edge-triggered cell FDRE clocked by sys_clk_pin  {rise@0.000ns fall@5.000ns period=10.000ns})
  Path Group:             sys_clk_pin
  Path Type:              Setup (Max at Slow Process Corner)
  Requirement:            10.000ns  (sys_clk_pin rise@10.000ns - sys_clk_pin rise@0.000ns)
  Data Path Delay:        3.896ns  (logic 1.058ns (27.159%)  route 2.838ns (72.841%))
  Logic Levels:           3  (LUT4=2 LUT5=1)
  Clock Path Skew:        -0.025ns (DCD - SCD + CPR)
    Destination Clock Delay (DCD):    4.785ns = ( 14.785 - 10.000 ) 
    Source Clock Delay      (SCD):    5.084ns
    Clock Pessimism Removal (CPR):    0.274ns
  Clock Uncertainty:      0.035ns  ((TSJ^2 + TIJ^2)^1/2 + DJ) / 2 + PE
    Total System Jitter     (TSJ):    0.071ns
    Total Input Jitter      (TIJ):    0.000ns
    Discrete Jitter          (DJ):    0.000ns
    Phase Error              (PE):    0.000ns

    Location             Delay type                Incr(ns)  Path(ns)    Netlist Resource(s)
  -------------------------------------------------------------------    -------------------
                         (clock sys_clk_pin rise edge)
                                                      0.000     0.000 r  
    W5                                                0.000     0.000 r  Clk_100MHz (IN)
                         net (fo=0)                   0.000     0.000    Clk_100MHz
    W5                   IBUF (Prop_ibuf_I_O)         1.458     1.458 r  Clk_100MHz_IBUF_inst/O
                         net (fo=1, routed)           1.967     3.425    Clk_100MHz_IBUF
    BUFGCTRL_X0Y0        BUFG (Prop_bufg_I_O)         0.096     3.521 r  Clk_100MHz_IBUF_BUFG_inst/O
                         net (fo=50, routed)          1.563     5.084    U_CPU/u_slow_clk/Clk_100MHz_IBUF_BUFG
    SLICE_X55Y16         FDRE                                         r  U_CPU/u_slow_clk/count_reg[4]/C
  -------------------------------------------------------------------    -------------------
    SLICE_X55Y16         FDRE (Prop_fdre_C_Q)         0.456     5.540 f  U_CPU/u_slow_clk/count_reg[4]/Q
                         net (fo=2, routed)           0.833     6.374    U_CPU/u_slow_clk/count[4]
    SLICE_X54Y17         LUT4 (Prop_lut4_I1_O)        0.124     6.498 f  U_CPU/u_slow_clk/count[31]_i_8/O
                         net (fo=1, routed)           0.594     7.092    U_CPU/u_slow_clk/count[31]_i_8_n_0
    SLICE_X54Y16         LUT5 (Prop_lut5_I4_O)        0.150     7.242 f  U_CPU/u_slow_clk/count[31]_i_4/O
                         net (fo=2, routed)           0.748     7.990    U_CPU/u_slow_clk/count[31]_i_4_n_0
    SLICE_X54Y20         LUT4 (Prop_lut4_I2_O)        0.328     8.318 r  U_CPU/u_slow_clk/count[31]_i_1/O
                         net (fo=31, routed)          0.662     8.980    U_CPU/u_slow_clk/clk_status
    SLICE_X55Y17         FDRE                                         r  U_CPU/u_slow_clk/count_reg[5]/R
  -------------------------------------------------------------------    -------------------

                         (clock sys_clk_pin rise edge)
                                                     10.000    10.000 r  
    W5                                                0.000    10.000 r  Clk_100MHz (IN)
                         net (fo=0)                   0.000    10.000    Clk_100MHz
    W5                   IBUF (Prop_ibuf_I_O)         1.388    11.388 r  Clk_100MHz_IBUF_inst/O
                         net (fo=1, routed)           1.862    13.250    Clk_100MHz_IBUF
    BUFGCTRL_X0Y0        BUFG (Prop_bufg_I_O)         0.091    13.341 r  Clk_100MHz_IBUF_BUFG_inst/O
                         net (fo=50, routed)          1.444    14.785    U_CPU/u_slow_clk/Clk_100MHz_IBUF_BUFG
    SLICE_X55Y17         FDRE                                         r  U_CPU/u_slow_clk/count_reg[5]/C
                         clock pessimism              0.274    15.059    
                         clock uncertainty           -0.035    15.024    
    SLICE_X55Y17         FDRE (Setup_fdre_C_R)       -0.429    14.595    U_CPU/u_slow_clk/count_reg[5]
  -------------------------------------------------------------------
                         required time                         14.595    
                         arrival time                          -8.980    
  -------------------------------------------------------------------
                         slack                                  5.615    

Slack (MET) :             5.615ns  (required time - arrival time)
  Source:                 U_CPU/u_slow_clk/count_reg[4]/C
                            (rising edge-triggered cell FDRE clocked by sys_clk_pin  {rise@0.000ns fall@5.000ns period=10.000ns})
  Destination:            U_CPU/u_slow_clk/count_reg[6]/R
                            (rising edge-triggered cell FDRE clocked by sys_clk_pin  {rise@0.000ns fall@5.000ns period=10.000ns})
  Path Group:             sys_clk_pin
  Path Type:              Setup (Max at Slow Process Corner)
  Requirement:            10.000ns  (sys_clk_pin rise@10.000ns - sys_clk_pin rise@0.000ns)
  Data Path Delay:        3.896ns  (logic 1.058ns (27.159%)  route 2.838ns (72.841%))
  Logic Levels:           3  (LUT4=2 LUT5=1)
  Clock Path Skew:        -0.025ns (DCD - SCD + CPR)
    Destination Clock Delay (DCD):    4.785ns = ( 14.785 - 10.000 ) 
    Source Clock Delay      (SCD):    5.084ns
    Clock Pessimism Removal (CPR):    0.274ns
  Clock Uncertainty:      0.035ns  ((TSJ^2 + TIJ^2)^1/2 + DJ) / 2 + PE
    Total System Jitter     (TSJ):    0.071ns
    Total Input Jitter      (TIJ):    0.000ns
    Discrete Jitter          (DJ):    0.000ns
    Phase Error              (PE):    0.000ns

    Location             Delay type                Incr(ns)  Path(ns)    Netlist Resource(s)
  -------------------------------------------------------------------    -------------------
                         (clock sys_clk_pin rise edge)
                                                      0.000     0.000 r  
    W5                                                0.000     0.000 r  Clk_100MHz (IN)
                         net (fo=0)                   0.000     0.000    Clk_100MHz
    W5                   IBUF (Prop_ibuf_I_O)         1.458     1.458 r  Clk_100MHz_IBUF_inst/O
                         net (fo=1, routed)           1.967     3.425    Clk_100MHz_IBUF
    BUFGCTRL_X0Y0        BUFG (Prop_bufg_I_O)         0.096     3.521 r  Clk_100MHz_IBUF_BUFG_inst/O
                         net (fo=50, routed)          1.563     5.084    U_CPU/u_slow_clk/Clk_100MHz_IBUF_BUFG
    SLICE_X55Y16         FDRE                                         r  U_CPU/u_slow_clk/count_reg[4]/C
  -------------------------------------------------------------------    -------------------
    SLICE_X55Y16         FDRE (Prop_fdre_C_Q)         0.456     5.540 f  U_CPU/u_slow_clk/count_reg[4]/Q
                         net (fo=2, routed)           0.833     6.374    U_CPU/u_slow_clk/count[4]
    SLICE_X54Y17         LUT4 (Prop_lut4_I1_O)        0.124     6.498 f  U_CPU/u_slow_clk/count[31]_i_8/O
                         net (fo=1, routed)           0.594     7.092    U_CPU/u_slow_clk/count[31]_i_8_n_0
    SLICE_X54Y16         LUT5 (Prop_lut5_I4_O)        0.150     7.242 f  U_CPU/u_slow_clk/count[31]_i_4/O
                         net (fo=2, routed)           0.748     7.990    U_CPU/u_slow_clk/count[31]_i_4_n_0
    SLICE_X54Y20         LUT4 (Prop_lut4_I2_O)        0.328     8.318 r  U_CPU/u_slow_clk/count[31]_i_1/O
                         net (fo=31, routed)          0.662     8.980    U_CPU/u_slow_clk/clk_status
    SLICE_X55Y17         FDRE                                         r  U_CPU/u_slow_clk/count_reg[6]/R
  -------------------------------------------------------------------    -------------------

                         (clock sys_clk_pin rise edge)
                                                     10.000    10.000 r  
    W5                                                0.000    10.000 r  Clk_100MHz (IN)
                         net (fo=0)                   0.000    10.000    Clk_100MHz
    W5                   IBUF (Prop_ibuf_I_O)         1.388    11.388 r  Clk_100MHz_IBUF_inst/O
                         net (fo=1, routed)           1.862    13.250    Clk_100MHz_IBUF
    BUFGCTRL_X0Y0        BUFG (Prop_bufg_I_O)         0.091    13.341 r  Clk_100MHz_IBUF_BUFG_inst/O
                         net (fo=50, routed)          1.444    14.785    U_CPU/u_slow_clk/Clk_100MHz_IBUF_BUFG
    SLICE_X55Y17         FDRE                                         r  U_CPU/u_slow_clk/count_reg[6]/C
                         clock pessimism              0.274    15.059    
                         clock uncertainty           -0.035    15.024    
    SLICE_X55Y17         FDRE (Setup_fdre_C_R)       -0.429    14.595    U_CPU/u_slow_clk/count_reg[6]
  -------------------------------------------------------------------
                         required time                         14.595    
                         arrival time                          -8.980    
  -------------------------------------------------------------------
                         slack                                  5.615    





Min Delay Paths
--------------------------------------------------------------------------------------
Slack (MET) :             0.254ns  (arrival time - required time)
  Source:                 refresh_counter_reg[10]/C
                            (rising edge-triggered cell FDRE clocked by sys_clk_pin  {rise@0.000ns fall@5.000ns period=10.000ns})
  Destination:            refresh_counter_reg[10]/D
                            (rising edge-triggered cell FDRE clocked by sys_clk_pin  {rise@0.000ns fall@5.000ns period=10.000ns})
  Path Group:             sys_clk_pin
  Path Type:              Hold (Min at Fast Process Corner)
  Requirement:            0.000ns  (sys_clk_pin rise@0.000ns - sys_clk_pin rise@0.000ns)
  Data Path Delay:        0.388ns  (logic 0.274ns (70.550%)  route 0.114ns (29.450%))
  Logic Levels:           1  (CARRY4=1)
  Clock Path Skew:        0.000ns (DCD - SCD - CPR)
    Destination Clock Delay (DCD):    1.980ns
    Source Clock Delay      (SCD):    1.468ns
    Clock Pessimism Removal (CPR):    0.512ns

    Location             Delay type                Incr(ns)  Path(ns)    Netlist Resource(s)
  -------------------------------------------------------------------    -------------------
                         (clock sys_clk_pin rise edge)
                                                      0.000     0.000 r  
    W5                                                0.000     0.000 r  Clk_100MHz (IN)
                         net (fo=0)                   0.000     0.000    Clk_100MHz
    W5                   IBUF (Prop_ibuf_I_O)         0.226     0.226 r  Clk_100MHz_IBUF_inst/O
                         net (fo=1, routed)           0.631     0.858    Clk_100MHz_IBUF
    BUFGCTRL_X0Y0        BUFG (Prop_bufg_I_O)         0.026     0.884 r  Clk_100MHz_IBUF_BUFG_inst/O
                         net (fo=50, routed)          0.585     1.468    Clk_100MHz_IBUF_BUFG
    SLICE_X64Y22         FDRE                                         r  refresh_counter_reg[10]/C
  -------------------------------------------------------------------    -------------------
    SLICE_X64Y22         FDRE (Prop_fdre_C_Q)         0.164     1.632 r  refresh_counter_reg[10]/Q
                         net (fo=1, routed)           0.114     1.747    refresh_counter_reg_n_0_[10]
    SLICE_X64Y22         CARRY4 (Prop_carry4_S[2]_O[2])
                                                      0.110     1.857 r  refresh_counter_reg[8]_i_1/O[2]
                         net (fo=1, routed)           0.000     1.857    refresh_counter_reg[8]_i_1_n_5
    SLICE_X64Y22         FDRE                                         r  refresh_counter_reg[10]/D
  -------------------------------------------------------------------    -------------------

                         (clock sys_clk_pin rise edge)
                                                      0.000     0.000 r  
    W5                                                0.000     0.000 r  Clk_100MHz (IN)
                         net (fo=0)                   0.000     0.000    Clk_100MHz
    W5                   IBUF (Prop_ibuf_I_O)         0.414     0.414 r  Clk_100MHz_IBUF_inst/O
                         net (fo=1, routed)           0.685     1.099    Clk_100MHz_IBUF
    BUFGCTRL_X0Y0        BUFG (Prop_bufg_I_O)         0.029     1.128 r  Clk_100MHz_IBUF_BUFG_inst/O
                         net (fo=50, routed)          0.853     1.980    Clk_100MHz_IBUF_BUFG
    SLICE_X64Y22         FDRE                                         r  refresh_counter_reg[10]/C
                         clock pessimism             -0.512     1.468    
    SLICE_X64Y22         FDRE (Hold_fdre_C_D)         0.134     1.602    refresh_counter_reg[10]
  -------------------------------------------------------------------
                         required time                         -1.602    
                         arrival time                           1.857    
  -------------------------------------------------------------------
                         slack                                  0.254    

Slack (MET) :             0.254ns  (arrival time - required time)
  Source:                 refresh_counter_reg[14]/C
                            (rising edge-triggered cell FDRE clocked by sys_clk_pin  {rise@0.000ns fall@5.000ns period=10.000ns})
  Destination:            refresh_counter_reg[14]/D
                            (rising edge-triggered cell FDRE clocked by sys_clk_pin  {rise@0.000ns fall@5.000ns period=10.000ns})
  Path Group:             sys_clk_pin
  Path Type:              Hold (Min at Fast Process Corner)
  Requirement:            0.000ns  (sys_clk_pin rise@0.000ns - sys_clk_pin rise@0.000ns)
  Data Path Delay:        0.388ns  (logic 0.274ns (70.550%)  route 0.114ns (29.450%))
  Logic Levels:           1  (CARRY4=1)
  Clock Path Skew:        0.000ns (DCD - SCD - CPR)
    Destination Clock Delay (DCD):    1.978ns
    Source Clock Delay      (SCD):    1.466ns
    Clock Pessimism Removal (CPR):    0.512ns

    Location             Delay type                Incr(ns)  Path(ns)    Netlist Resource(s)
  -------------------------------------------------------------------    -------------------
                         (clock sys_clk_pin rise edge)
                                                      0.000     0.000 r  
    W5                                                0.000     0.000 r  Clk_100MHz (IN)
                         net (fo=0)                   0.000     0.000    Clk_100MHz
    W5                   IBUF (Prop_ibuf_I_O)         0.226     0.226 r  Clk_100MHz_IBUF_inst/O
                         net (fo=1, routed)           0.631     0.858    Clk_100MHz_IBUF
    BUFGCTRL_X0Y0        BUFG (Prop_bufg_I_O)         0.026     0.884 r  Clk_100MHz_IBUF_BUFG_inst/O
                         net (fo=50, routed)          0.583     1.466    Clk_100MHz_IBUF_BUFG
    SLICE_X64Y23         FDRE                                         r  refresh_counter_reg[14]/C
  -------------------------------------------------------------------    -------------------
    SLICE_X64Y23         FDRE (Prop_fdre_C_Q)         0.164     1.630 r  refresh_counter_reg[14]/Q
                         net (fo=1, routed)           0.114     1.745    refresh_counter_reg_n_0_[14]
    SLICE_X64Y23         CARRY4 (Prop_carry4_S[2]_O[2])
                                                      0.110     1.855 r  refresh_counter_reg[12]_i_1/O[2]
                         net (fo=1, routed)           0.000     1.855    refresh_counter_reg[12]_i_1_n_5
    SLICE_X64Y23         FDRE                                         r  refresh_counter_reg[14]/D
  -------------------------------------------------------------------    -------------------

                         (clock sys_clk_pin rise edge)
                                                      0.000     0.000 r  
    W5                                                0.000     0.000 r  Clk_100MHz (IN)
                         net (fo=0)                   0.000     0.000    Clk_100MHz
    W5                   IBUF (Prop_ibuf_I_O)         0.414     0.414 r  Clk_100MHz_IBUF_inst/O
                         net (fo=1, routed)           0.685     1.099    Clk_100MHz_IBUF
    BUFGCTRL_X0Y0        BUFG (Prop_bufg_I_O)         0.029     1.128 r  Clk_100MHz_IBUF_BUFG_inst/O
                         net (fo=50, routed)          0.851     1.978    Clk_100MHz_IBUF_BUFG
    SLICE_X64Y23         FDRE                                         r  refresh_counter_reg[14]/C
                         clock pessimism             -0.512     1.466    
    SLICE_X64Y23         FDRE (Hold_fdre_C_D)         0.134     1.600    refresh_counter_reg[14]
  -------------------------------------------------------------------
                         required time                         -1.600    
                         arrival time                           1.855    
  -------------------------------------------------------------------
                         slack                                  0.254    

Slack (MET) :             0.254ns  (arrival time - required time)
  Source:                 refresh_counter_reg[6]/C
                            (rising edge-triggered cell FDRE clocked by sys_clk_pin  {rise@0.000ns fall@5.000ns period=10.000ns})
  Destination:            refresh_counter_reg[6]/D
                            (rising edge-triggered cell FDRE clocked by sys_clk_pin  {rise@0.000ns fall@5.000ns period=10.000ns})
  Path Group:             sys_clk_pin
  Path Type:              Hold (Min at Fast Process Corner)
  Requirement:            0.000ns  (sys_clk_pin rise@0.000ns - sys_clk_pin rise@0.000ns)
  Data Path Delay:        0.388ns  (logic 0.274ns (70.550%)  route 0.114ns (29.450%))
  Logic Levels:           1  (CARRY4=1)
  Clock Path Skew:        0.000ns (DCD - SCD - CPR)
    Destination Clock Delay (DCD):    1.981ns
    Source Clock Delay      (SCD):    1.468ns
    Clock Pessimism Removal (CPR):    0.513ns

    Location             Delay type                Incr(ns)  Path(ns)    Netlist Resource(s)
  -------------------------------------------------------------------    -------------------
                         (clock sys_clk_pin rise edge)
                                                      0.000     0.000 r  
    W5                                                0.000     0.000 r  Clk_100MHz (IN)
                         net (fo=0)                   0.000     0.000    Clk_100MHz
    W5                   IBUF (Prop_ibuf_I_O)         0.226     0.226 r  Clk_100MHz_IBUF_inst/O
                         net (fo=1, routed)           0.631     0.858    Clk_100MHz_IBUF
    BUFGCTRL_X0Y0        BUFG (Prop_bufg_I_O)         0.026     0.884 r  Clk_100MHz_IBUF_BUFG_inst/O
                         net (fo=50, routed)          0.585     1.468    Clk_100MHz_IBUF_BUFG
    SLICE_X64Y21         FDRE                                         r  refresh_counter_reg[6]/C
  -------------------------------------------------------------------    -------------------
    SLICE_X64Y21         FDRE (Prop_fdre_C_Q)         0.164     1.632 r  refresh_counter_reg[6]/Q
                         net (fo=1, routed)           0.114     1.747    refresh_counter_reg_n_0_[6]
    SLICE_X64Y21         CARRY4 (Prop_carry4_S[2]_O[2])
                                                      0.110     1.857 r  refresh_counter_reg[4]_i_1/O[2]
                         net (fo=1, routed)           0.000     1.857    refresh_counter_reg[4]_i_1_n_5
    SLICE_X64Y21         FDRE                                         r  refresh_counter_reg[6]/D
  -------------------------------------------------------------------    -------------------

                         (clock sys_clk_pin rise edge)
                                                      0.000     0.000 r  
    W5                                                0.000     0.000 r  Clk_100MHz (IN)
                         net (fo=0)                   0.000     0.000    Clk_100MHz
    W5                   IBUF (Prop_ibuf_I_O)         0.414     0.414 r  Clk_100MHz_IBUF_inst/O
                         net (fo=1, routed)           0.685     1.099    Clk_100MHz_IBUF
    BUFGCTRL_X0Y0        BUFG (Prop_bufg_I_O)         0.029     1.128 r  Clk_100MHz_IBUF_BUFG_inst/O
                         net (fo=50, routed)          0.854     1.981    Clk_100MHz_IBUF_BUFG
    SLICE_X64Y21         FDRE                                         r  refresh_counter_reg[6]/C
                         clock pessimism             -0.513     1.468    
    SLICE_X64Y21         FDRE (Hold_fdre_C_D)         0.134     1.602    refresh_counter_reg[6]
  -------------------------------------------------------------------
                         required time                         -1.602    
                         arrival time                           1.857    
  -------------------------------------------------------------------
                         slack                                  0.254    

Slack (MET) :             0.254ns  (arrival time - required time)
  Source:                 refresh_counter_reg[2]/C
                            (rising edge-triggered cell FDRE clocked by sys_clk_pin  {rise@0.000ns fall@5.000ns period=10.000ns})
  Destination:            refresh_counter_reg[2]/D
                            (rising edge-triggered cell FDRE clocked by sys_clk_pin  {rise@0.000ns fall@5.000ns period=10.000ns})
  Path Group:             sys_clk_pin
  Path Type:              Hold (Min at Fast Process Corner)
  Requirement:            0.000ns  (sys_clk_pin rise@0.000ns - sys_clk_pin rise@0.000ns)
  Data Path Delay:        0.388ns  (logic 0.274ns (70.550%)  route 0.114ns (29.450%))
  Logic Levels:           1  (CARRY4=1)
  Clock Path Skew:        0.000ns (DCD - SCD - CPR)
    Destination Clock Delay (DCD):    1.982ns
    Source Clock Delay      (SCD):    1.469ns
    Clock Pessimism Removal (CPR):    0.513ns

    Location             Delay type                Incr(ns)  Path(ns)    Netlist Resource(s)
  -------------------------------------------------------------------    -------------------
                         (clock sys_clk_pin rise edge)
                                                      0.000     0.000 r  
    W5                                                0.000     0.000 r  Clk_100MHz (IN)
                         net (fo=0)                   0.000     0.000    Clk_100MHz
    W5                   IBUF (Prop_ibuf_I_O)         0.226     0.226 r  Clk_100MHz_IBUF_inst/O
                         net (fo=1, routed)           0.631     0.858    Clk_100MHz_IBUF
    BUFGCTRL_X0Y0        BUFG (Prop_bufg_I_O)         0.026     0.884 r  Clk_100MHz_IBUF_BUFG_inst/O
                         net (fo=50, routed)          0.586     1.469    Clk_100MHz_IBUF_BUFG
    SLICE_X64Y20         FDRE                                         r  refresh_counter_reg[2]/C
  -------------------------------------------------------------------    -------------------
    SLICE_X64Y20         FDRE (Prop_fdre_C_Q)         0.164     1.633 r  refresh_counter_reg[2]/Q
                         net (fo=1, routed)           0.114     1.748    refresh_counter_reg_n_0_[2]
    SLICE_X64Y20         CARRY4 (Prop_carry4_S[2]_O[2])
                                                      0.110     1.858 r  refresh_counter_reg[0]_i_1/O[2]
                         net (fo=1, routed)           0.000     1.858    refresh_counter_reg[0]_i_1_n_5
    SLICE_X64Y20         FDRE                                         r  refresh_counter_reg[2]/D
  -------------------------------------------------------------------    -------------------

                         (clock sys_clk_pin rise edge)
                                                      0.000     0.000 r  
    W5                                                0.000     0.000 r  Clk_100MHz (IN)
                         net (fo=0)                   0.000     0.000    Clk_100MHz
    W5                   IBUF (Prop_ibuf_I_O)         0.414     0.414 r  Clk_100MHz_IBUF_inst/O
                         net (fo=1, routed)           0.685     1.099    Clk_100MHz_IBUF
    BUFGCTRL_X0Y0        BUFG (Prop_bufg_I_O)         0.029     1.128 r  Clk_100MHz_IBUF_BUFG_inst/O
                         net (fo=50, routed)          0.855     1.982    Clk_100MHz_IBUF_BUFG
    SLICE_X64Y20         FDRE                                         r  refresh_counter_reg[2]/C
                         clock pessimism             -0.513     1.469    
    SLICE_X64Y20         FDRE (Hold_fdre_C_D)         0.134     1.603    refresh_counter_reg[2]
  -------------------------------------------------------------------
                         required time                         -1.603    
                         arrival time                           1.858    
  -------------------------------------------------------------------
                         slack                                  0.254    

Slack (MET) :             0.264ns  (arrival time - required time)
  Source:                 U_CPU/u_slow_clk/count_reg[28]/C
                            (rising edge-triggered cell FDRE clocked by sys_clk_pin  {rise@0.000ns fall@5.000ns period=10.000ns})
  Destination:            U_CPU/u_slow_clk/count_reg[28]/D
                            (rising edge-triggered cell FDRE clocked by sys_clk_pin  {rise@0.000ns fall@5.000ns period=10.000ns})
  Path Group:             sys_clk_pin
  Path Type:              Hold (Min at Fast Process Corner)
  Requirement:            0.000ns  (sys_clk_pin rise@0.000ns - sys_clk_pin rise@0.000ns)
  Data Path Delay:        0.369ns  (logic 0.249ns (67.424%)  route 0.120ns (32.576%))
  Logic Levels:           1  (CARRY4=1)
  Clock Path Skew:        0.000ns (DCD - SCD - CPR)
    Destination Clock Delay (DCD):    1.951ns
    Source Clock Delay      (SCD):    1.439ns
    Clock Pessimism Removal (CPR):    0.512ns

    Location             Delay type                Incr(ns)  Path(ns)    Netlist Resource(s)
  -------------------------------------------------------------------    -------------------
                         (clock sys_clk_pin rise edge)
                                                      0.000     0.000 r  
    W5                                                0.000     0.000 r  Clk_100MHz (IN)
                         net (fo=0)                   0.000     0.000    Clk_100MHz
    W5                   IBUF (Prop_ibuf_I_O)         0.226     0.226 r  Clk_100MHz_IBUF_inst/O
                         net (fo=1, routed)           0.631     0.858    Clk_100MHz_IBUF
    BUFGCTRL_X0Y0        BUFG (Prop_bufg_I_O)         0.026     0.884 r  Clk_100MHz_IBUF_BUFG_inst/O
                         net (fo=50, routed)          0.556     1.439    U_CPU/u_slow_clk/Clk_100MHz_IBUF_BUFG
    SLICE_X55Y22         FDRE                                         r  U_CPU/u_slow_clk/count_reg[28]/C
  -------------------------------------------------------------------    -------------------
    SLICE_X55Y22         FDRE (Prop_fdre_C_Q)         0.141     1.580 r  U_CPU/u_slow_clk/count_reg[28]/Q
                         net (fo=2, routed)           0.120     1.700    U_CPU/u_slow_clk/count[28]
    SLICE_X55Y22         CARRY4 (Prop_carry4_S[3]_O[3])
                                                      0.108     1.808 r  U_CPU/u_slow_clk/count0_carry__5/O[3]
                         net (fo=1, routed)           0.000     1.808    U_CPU/u_slow_clk/data0[28]
    SLICE_X55Y22         FDRE                                         r  U_CPU/u_slow_clk/count_reg[28]/D
  -------------------------------------------------------------------    -------------------

                         (clock sys_clk_pin rise edge)
                                                      0.000     0.000 r  
    W5                                                0.000     0.000 r  Clk_100MHz (IN)
                         net (fo=0)                   0.000     0.000    Clk_100MHz
    W5                   IBUF (Prop_ibuf_I_O)         0.414     0.414 r  Clk_100MHz_IBUF_inst/O
                         net (fo=1, routed)           0.685     1.099    Clk_100MHz_IBUF
    BUFGCTRL_X0Y0        BUFG (Prop_bufg_I_O)         0.029     1.128 r  Clk_100MHz_IBUF_BUFG_inst/O
                         net (fo=50, routed)          0.824     1.951    U_CPU/u_slow_clk/Clk_100MHz_IBUF_BUFG
    SLICE_X55Y22         FDRE                                         r  U_CPU/u_slow_clk/count_reg[28]/C
                         clock pessimism             -0.512     1.439    
    SLICE_X55Y22         FDRE (Hold_fdre_C_D)         0.105     1.544    U_CPU/u_slow_clk/count_reg[28]
  -------------------------------------------------------------------
                         required time                         -1.544    
                         arrival time                           1.808    
  -------------------------------------------------------------------
                         slack                                  0.264    

Slack (MET) :             0.264ns  (arrival time - required time)
  Source:                 U_CPU/u_slow_clk/count_reg[12]/C
                            (rising edge-triggered cell FDRE clocked by sys_clk_pin  {rise@0.000ns fall@5.000ns period=10.000ns})
  Destination:            U_CPU/u_slow_clk/count_reg[12]/D
                            (rising edge-triggered cell FDRE clocked by sys_clk_pin  {rise@0.000ns fall@5.000ns period=10.000ns})
  Path Group:             sys_clk_pin
  Path Type:              Hold (Min at Fast Process Corner)
  Requirement:            0.000ns  (sys_clk_pin rise@0.000ns - sys_clk_pin rise@0.000ns)
  Data Path Delay:        0.369ns  (logic 0.249ns (67.424%)  route 0.120ns (32.576%))
  Logic Levels:           1  (CARRY4=1)
  Clock Path Skew:        0.000ns (DCD - SCD - CPR)
    Destination Clock Delay (DCD):    1.955ns
    Source Clock Delay      (SCD):    1.442ns
    Clock Pessimism Removal (CPR):    0.513ns

    Location             Delay type                Incr(ns)  Path(ns)    Netlist Resource(s)
  -------------------------------------------------------------------    -------------------
                         (clock sys_clk_pin rise edge)
                                                      0.000     0.000 r  
    W5                                                0.000     0.000 r  Clk_100MHz (IN)
                         net (fo=0)                   0.000     0.000    Clk_100MHz
    W5                   IBUF (Prop_ibuf_I_O)         0.226     0.226 r  Clk_100MHz_IBUF_inst/O
                         net (fo=1, routed)           0.631     0.858    Clk_100MHz_IBUF
    BUFGCTRL_X0Y0        BUFG (Prop_bufg_I_O)         0.026     0.884 r  Clk_100MHz_IBUF_BUFG_inst/O
                         net (fo=50, routed)          0.559     1.442    U_CPU/u_slow_clk/Clk_100MHz_IBUF_BUFG
    SLICE_X55Y18         FDRE                                         r  U_CPU/u_slow_clk/count_reg[12]/C
  -------------------------------------------------------------------    -------------------
    SLICE_X55Y18         FDRE (Prop_fdre_C_Q)         0.141     1.583 r  U_CPU/u_slow_clk/count_reg[12]/Q
                         net (fo=2, routed)           0.120     1.703    U_CPU/u_slow_clk/count[12]
    SLICE_X55Y18         CARRY4 (Prop_carry4_S[3]_O[3])
                                                      0.108     1.811 r  U_CPU/u_slow_clk/count0_carry__1/O[3]
                         net (fo=1, routed)           0.000     1.811    U_CPU/u_slow_clk/data0[12]
    SLICE_X55Y18         FDRE                                         r  U_CPU/u_slow_clk/count_reg[12]/D
  -------------------------------------------------------------------    -------------------

                         (clock sys_clk_pin rise edge)
                                                      0.000     0.000 r  
    W5                                                0.000     0.000 r  Clk_100MHz (IN)
                         net (fo=0)                   0.000     0.000    Clk_100MHz
    W5                   IBUF (Prop_ibuf_I_O)         0.414     0.414 r  Clk_100MHz_IBUF_inst/O
                         net (fo=1, routed)           0.685     1.099    Clk_100MHz_IBUF
    BUFGCTRL_X0Y0        BUFG (Prop_bufg_I_O)         0.029     1.128 r  Clk_100MHz_IBUF_BUFG_inst/O
                         net (fo=50, routed)          0.828     1.955    U_CPU/u_slow_clk/Clk_100MHz_IBUF_BUFG
    SLICE_X55Y18         FDRE                                         r  U_CPU/u_slow_clk/count_reg[12]/C
                         clock pessimism             -0.513     1.442    
    SLICE_X55Y18         FDRE (Hold_fdre_C_D)         0.105     1.547    U_CPU/u_slow_clk/count_reg[12]
  -------------------------------------------------------------------
                         required time                         -1.547    
                         arrival time                           1.811    
  -------------------------------------------------------------------
                         slack                                  0.264    

Slack (MET) :             0.264ns  (arrival time - required time)
  Source:                 U_CPU/u_slow_clk/count_reg[16]/C
                            (rising edge-triggered cell FDRE clocked by sys_clk_pin  {rise@0.000ns fall@5.000ns period=10.000ns})
  Destination:            U_CPU/u_slow_clk/count_reg[16]/D
                            (rising edge-triggered cell FDRE clocked by sys_clk_pin  {rise@0.000ns fall@5.000ns period=10.000ns})
  Path Group:             sys_clk_pin
  Path Type:              Hold (Min at Fast Process Corner)
  Requirement:            0.000ns  (sys_clk_pin rise@0.000ns - sys_clk_pin rise@0.000ns)
  Data Path Delay:        0.369ns  (logic 0.249ns (67.424%)  route 0.120ns (32.576%))
  Logic Levels:           1  (CARRY4=1)
  Clock Path Skew:        0.000ns (DCD - SCD - CPR)
    Destination Clock Delay (DCD):    1.954ns
    Source Clock Delay      (SCD):    1.441ns
    Clock Pessimism Removal (CPR):    0.513ns

    Location             Delay type                Incr(ns)  Path(ns)    Netlist Resource(s)
  -------------------------------------------------------------------    -------------------
                         (clock sys_clk_pin rise edge)
                                                      0.000     0.000 r  
    W5                                                0.000     0.000 r  Clk_100MHz (IN)
                         net (fo=0)                   0.000     0.000    Clk_100MHz
    W5                   IBUF (Prop_ibuf_I_O)         0.226     0.226 r  Clk_100MHz_IBUF_inst/O
                         net (fo=1, routed)           0.631     0.858    Clk_100MHz_IBUF
    BUFGCTRL_X0Y0        BUFG (Prop_bufg_I_O)         0.026     0.884 r  Clk_100MHz_IBUF_BUFG_inst/O
                         net (fo=50, routed)          0.558     1.441    U_CPU/u_slow_clk/Clk_100MHz_IBUF_BUFG
    SLICE_X55Y19         FDRE                                         r  U_CPU/u_slow_clk/count_reg[16]/C
  -------------------------------------------------------------------    -------------------
    SLICE_X55Y19         FDRE (Prop_fdre_C_Q)         0.141     1.582 r  U_CPU/u_slow_clk/count_reg[16]/Q
                         net (fo=2, routed)           0.120     1.702    U_CPU/u_slow_clk/count[16]
    SLICE_X55Y19         CARRY4 (Prop_carry4_S[3]_O[3])
                                                      0.108     1.810 r  U_CPU/u_slow_clk/count0_carry__2/O[3]
                         net (fo=1, routed)           0.000     1.810    U_CPU/u_slow_clk/data0[16]
    SLICE_X55Y19         FDRE                                         r  U_CPU/u_slow_clk/count_reg[16]/D
  -------------------------------------------------------------------    -------------------

                         (clock sys_clk_pin rise edge)
                                                      0.000     0.000 r  
    W5                                                0.000     0.000 r  Clk_100MHz (IN)
                         net (fo=0)                   0.000     0.000    Clk_100MHz
    W5                   IBUF (Prop_ibuf_I_O)         0.414     0.414 r  Clk_100MHz_IBUF_inst/O
                         net (fo=1, routed)           0.685     1.099    Clk_100MHz_IBUF
    BUFGCTRL_X0Y0        BUFG (Prop_bufg_I_O)         0.029     1.128 r  Clk_100MHz_IBUF_BUFG_inst/O
                         net (fo=50, routed)          0.827     1.954    U_CPU/u_slow_clk/Clk_100MHz_IBUF_BUFG
    SLICE_X55Y19         FDRE                                         r  U_CPU/u_slow_clk/count_reg[16]/C
                         clock pessimism             -0.513     1.441    
    SLICE_X55Y19         FDRE (Hold_fdre_C_D)         0.105     1.546    U_CPU/u_slow_clk/count_reg[16]
  -------------------------------------------------------------------
                         required time                         -1.546    
                         arrival time                           1.810    
  -------------------------------------------------------------------
                         slack                                  0.264    

Slack (MET) :             0.264ns  (arrival time - required time)
  Source:                 U_CPU/u_slow_clk/count_reg[20]/C
                            (rising edge-triggered cell FDRE clocked by sys_clk_pin  {rise@0.000ns fall@5.000ns period=10.000ns})
  Destination:            U_CPU/u_slow_clk/count_reg[20]/D
                            (rising edge-triggered cell FDRE clocked by sys_clk_pin  {rise@0.000ns fall@5.000ns period=10.000ns})
  Path Group:             sys_clk_pin
  Path Type:              Hold (Min at Fast Process Corner)
  Requirement:            0.000ns  (sys_clk_pin rise@0.000ns - sys_clk_pin rise@0.000ns)
  Data Path Delay:        0.369ns  (logic 0.249ns (67.424%)  route 0.120ns (32.576%))
  Logic Levels:           1  (CARRY4=1)
  Clock Path Skew:        0.000ns (DCD - SCD - CPR)
    Destination Clock Delay (DCD):    1.953ns
    Source Clock Delay      (SCD):    1.440ns
    Clock Pessimism Removal (CPR):    0.513ns

    Location             Delay type                Incr(ns)  Path(ns)    Netlist Resource(s)
  -------------------------------------------------------------------    -------------------
                         (clock sys_clk_pin rise edge)
                                                      0.000     0.000 r  
    W5                                                0.000     0.000 r  Clk_100MHz (IN)
                         net (fo=0)                   0.000     0.000    Clk_100MHz
    W5                   IBUF (Prop_ibuf_I_O)         0.226     0.226 r  Clk_100MHz_IBUF_inst/O
                         net (fo=1, routed)           0.631     0.858    Clk_100MHz_IBUF
    BUFGCTRL_X0Y0        BUFG (Prop_bufg_I_O)         0.026     0.884 r  Clk_100MHz_IBUF_BUFG_inst/O
                         net (fo=50, routed)          0.557     1.440    U_CPU/u_slow_clk/Clk_100MHz_IBUF_BUFG
    SLICE_X55Y20         FDRE                                         r  U_CPU/u_slow_clk/count_reg[20]/C
  -------------------------------------------------------------------    -------------------
    SLICE_X55Y20         FDRE (Prop_fdre_C_Q)         0.141     1.581 r  U_CPU/u_slow_clk/count_reg[20]/Q
                         net (fo=2, routed)           0.120     1.701    U_CPU/u_slow_clk/count[20]
    SLICE_X55Y20         CARRY4 (Prop_carry4_S[3]_O[3])
                                                      0.108     1.809 r  U_CPU/u_slow_clk/count0_carry__3/O[3]
                         net (fo=1, routed)           0.000     1.809    U_CPU/u_slow_clk/data0[20]
    SLICE_X55Y20         FDRE                                         r  U_CPU/u_slow_clk/count_reg[20]/D
  -------------------------------------------------------------------    -------------------

                         (clock sys_clk_pin rise edge)
                                                      0.000     0.000 r  
    W5                                                0.000     0.000 r  Clk_100MHz (IN)
                         net (fo=0)                   0.000     0.000    Clk_100MHz
    W5                   IBUF (Prop_ibuf_I_O)         0.414     0.414 r  Clk_100MHz_IBUF_inst/O
                         net (fo=1, routed)           0.685     1.099    Clk_100MHz_IBUF
    BUFGCTRL_X0Y0        BUFG (Prop_bufg_I_O)         0.029     1.128 r  Clk_100MHz_IBUF_BUFG_inst/O
                         net (fo=50, routed)          0.826     1.953    U_CPU/u_slow_clk/Clk_100MHz_IBUF_BUFG
    SLICE_X55Y20         FDRE                                         r  U_CPU/u_slow_clk/count_reg[20]/C
                         clock pessimism             -0.513     1.440    
    SLICE_X55Y20         FDRE (Hold_fdre_C_D)         0.105     1.545    U_CPU/u_slow_clk/count_reg[20]
  -------------------------------------------------------------------
                         required time                         -1.545    
                         arrival time                           1.809    
  -------------------------------------------------------------------
                         slack                                  0.264    

Slack (MET) :             0.264ns  (arrival time - required time)
  Source:                 U_CPU/u_slow_clk/count_reg[24]/C
                            (rising edge-triggered cell FDRE clocked by sys_clk_pin  {rise@0.000ns fall@5.000ns period=10.000ns})
  Destination:            U_CPU/u_slow_clk/count_reg[24]/D
                            (rising edge-triggered cell FDRE clocked by sys_clk_pin  {rise@0.000ns fall@5.000ns period=10.000ns})
  Path Group:             sys_clk_pin
  Path Type:              Hold (Min at Fast Process Corner)
  Requirement:            0.000ns  (sys_clk_pin rise@0.000ns - sys_clk_pin rise@0.000ns)
  Data Path Delay:        0.369ns  (logic 0.249ns (67.424%)  route 0.120ns (32.576%))
  Logic Levels:           1  (CARRY4=1)
  Clock Path Skew:        0.000ns (DCD - SCD - CPR)
    Destination Clock Delay (DCD):    1.952ns
    Source Clock Delay      (SCD):    1.439ns
    Clock Pessimism Removal (CPR):    0.513ns

    Location             Delay type                Incr(ns)  Path(ns)    Netlist Resource(s)
  -------------------------------------------------------------------    -------------------
                         (clock sys_clk_pin rise edge)
                                                      0.000     0.000 r  
    W5                                                0.000     0.000 r  Clk_100MHz (IN)
                         net (fo=0)                   0.000     0.000    Clk_100MHz
    W5                   IBUF (Prop_ibuf_I_O)         0.226     0.226 r  Clk_100MHz_IBUF_inst/O
                         net (fo=1, routed)           0.631     0.858    Clk_100MHz_IBUF
    BUFGCTRL_X0Y0        BUFG (Prop_bufg_I_O)         0.026     0.884 r  Clk_100MHz_IBUF_BUFG_inst/O
                         net (fo=50, routed)          0.556     1.439    U_CPU/u_slow_clk/Clk_100MHz_IBUF_BUFG
    SLICE_X55Y21         FDRE                                         r  U_CPU/u_slow_clk/count_reg[24]/C
  -------------------------------------------------------------------    -------------------
    SLICE_X55Y21         FDRE (Prop_fdre_C_Q)         0.141     1.580 r  U_CPU/u_slow_clk/count_reg[24]/Q
                         net (fo=2, routed)           0.120     1.700    U_CPU/u_slow_clk/count[24]
    SLICE_X55Y21         CARRY4 (Prop_carry4_S[3]_O[3])
                                                      0.108     1.808 r  U_CPU/u_slow_clk/count0_carry__4/O[3]
                         net (fo=1, routed)           0.000     1.808    U_CPU/u_slow_clk/data0[24]
    SLICE_X55Y21         FDRE                                         r  U_CPU/u_slow_clk/count_reg[24]/D
  -------------------------------------------------------------------    -------------------

                         (clock sys_clk_pin rise edge)
                                                      0.000     0.000 r  
    W5                                                0.000     0.000 r  Clk_100MHz (IN)
                         net (fo=0)                   0.000     0.000    Clk_100MHz
    W5                   IBUF (Prop_ibuf_I_O)         0.414     0.414 r  Clk_100MHz_IBUF_inst/O
                         net (fo=1, routed)           0.685     1.099    Clk_100MHz_IBUF
    BUFGCTRL_X0Y0        BUFG (Prop_bufg_I_O)         0.029     1.128 r  Clk_100MHz_IBUF_BUFG_inst/O
                         net (fo=50, routed)          0.825     1.952    U_CPU/u_slow_clk/Clk_100MHz_IBUF_BUFG
    SLICE_X55Y21         FDRE                                         r  U_CPU/u_slow_clk/count_reg[24]/C
                         clock pessimism             -0.513     1.439    
    SLICE_X55Y21         FDRE (Hold_fdre_C_D)         0.105     1.544    U_CPU/u_slow_clk/count_reg[24]
  -------------------------------------------------------------------
                         required time                         -1.544    
                         arrival time                           1.808    
  -------------------------------------------------------------------
                         slack                                  0.264    

Slack (MET) :             0.264ns  (arrival time - required time)
  Source:                 U_CPU/u_slow_clk/count_reg[4]/C
                            (rising edge-triggered cell FDRE clocked by sys_clk_pin  {rise@0.000ns fall@5.000ns period=10.000ns})
  Destination:            U_CPU/u_slow_clk/count_reg[4]/D
                            (rising edge-triggered cell FDRE clocked by sys_clk_pin  {rise@0.000ns fall@5.000ns period=10.000ns})
  Path Group:             sys_clk_pin
  Path Type:              Hold (Min at Fast Process Corner)
  Requirement:            0.000ns  (sys_clk_pin rise@0.000ns - sys_clk_pin rise@0.000ns)
  Data Path Delay:        0.369ns  (logic 0.249ns (67.424%)  route 0.120ns (32.576%))
  Logic Levels:           1  (CARRY4=1)
  Clock Path Skew:        0.000ns (DCD - SCD - CPR)
    Destination Clock Delay (DCD):    1.957ns
    Source Clock Delay      (SCD):    1.444ns
    Clock Pessimism Removal (CPR):    0.513ns

    Location             Delay type                Incr(ns)  Path(ns)    Netlist Resource(s)
  -------------------------------------------------------------------    -------------------
                         (clock sys_clk_pin rise edge)
                                                      0.000     0.000 r  
    W5                                                0.000     0.000 r  Clk_100MHz (IN)
                         net (fo=0)                   0.000     0.000    Clk_100MHz
    W5                   IBUF (Prop_ibuf_I_O)         0.226     0.226 r  Clk_100MHz_IBUF_inst/O
                         net (fo=1, routed)           0.631     0.858    Clk_100MHz_IBUF
    BUFGCTRL_X0Y0        BUFG (Prop_bufg_I_O)         0.026     0.884 r  Clk_100MHz_IBUF_BUFG_inst/O
                         net (fo=50, routed)          0.561     1.444    U_CPU/u_slow_clk/Clk_100MHz_IBUF_BUFG
    SLICE_X55Y16         FDRE                                         r  U_CPU/u_slow_clk/count_reg[4]/C
  -------------------------------------------------------------------    -------------------
    SLICE_X55Y16         FDRE (Prop_fdre_C_Q)         0.141     1.585 r  U_CPU/u_slow_clk/count_reg[4]/Q
                         net (fo=2, routed)           0.120     1.705    U_CPU/u_slow_clk/count[4]
    SLICE_X55Y16         CARRY4 (Prop_carry4_S[3]_O[3])
                                                      0.108     1.813 r  U_CPU/u_slow_clk/count0_carry/O[3]
                         net (fo=1, routed)           0.000     1.813    U_CPU/u_slow_clk/data0[4]
    SLICE_X55Y16         FDRE                                         r  U_CPU/u_slow_clk/count_reg[4]/D
  -------------------------------------------------------------------    -------------------

                         (clock sys_clk_pin rise edge)
                                                      0.000     0.000 r  
    W5                                                0.000     0.000 r  Clk_100MHz (IN)
                         net (fo=0)                   0.000     0.000    Clk_100MHz
    W5                   IBUF (Prop_ibuf_I_O)         0.414     0.414 r  Clk_100MHz_IBUF_inst/O
                         net (fo=1, routed)           0.685     1.099    Clk_100MHz_IBUF
    BUFGCTRL_X0Y0        BUFG (Prop_bufg_I_O)         0.029     1.128 r  Clk_100MHz_IBUF_BUFG_inst/O
                         net (fo=50, routed)          0.830     1.957    U_CPU/u_slow_clk/Clk_100MHz_IBUF_BUFG
    SLICE_X55Y16         FDRE                                         r  U_CPU/u_slow_clk/count_reg[4]/C
                         clock pessimism             -0.513     1.444    
    SLICE_X55Y16         FDRE (Hold_fdre_C_D)         0.105     1.549    U_CPU/u_slow_clk/count_reg[4]
  -------------------------------------------------------------------
                         required time                         -1.549    
                         arrival time                           1.813    
  -------------------------------------------------------------------
                         slack                                  0.264    





Pulse Width Checks
--------------------------------------------------------------------------------------
Clock Name:         sys_clk_pin
Waveform(ns):       { 0.000 5.000 }
Period(ns):         10.000
Sources:            { Clk_100MHz }

Check Type        Corner  Lib Pin  Reference Pin  Required(ns)  Actual(ns)  Slack(ns)  Location       Pin
Min Period        n/a     BUFG/I   n/a            2.155         10.000      7.845      BUFGCTRL_X0Y0  Clk_100MHz_IBUF_BUFG_inst/I
Min Period        n/a     FDRE/C   n/a            1.000         10.000      9.000      SLICE_X54Y20   U_CPU/u_slow_clk/clk_status_reg/C
Min Period        n/a     FDRE/C   n/a            1.000         10.000      9.000      SLICE_X54Y16   U_CPU/u_slow_clk/count_reg[0]/C
Min Period        n/a     FDRE/C   n/a            1.000         10.000      9.000      SLICE_X55Y18   U_CPU/u_slow_clk/count_reg[10]/C
Min Period        n/a     FDRE/C   n/a            1.000         10.000      9.000      SLICE_X55Y18   U_CPU/u_slow_clk/count_reg[11]/C
Min Period        n/a     FDRE/C   n/a            1.000         10.000      9.000      SLICE_X55Y18   U_CPU/u_slow_clk/count_reg[12]/C
Min Period        n/a     FDRE/C   n/a            1.000         10.000      9.000      SLICE_X55Y19   U_CPU/u_slow_clk/count_reg[13]/C
Min Period        n/a     FDRE/C   n/a            1.000         10.000      9.000      SLICE_X55Y19   U_CPU/u_slow_clk/count_reg[14]/C
Min Period        n/a     FDRE/C   n/a            1.000         10.000      9.000      SLICE_X55Y19   U_CPU/u_slow_clk/count_reg[15]/C
Min Period        n/a     FDRE/C   n/a            1.000         10.000      9.000      SLICE_X55Y19   U_CPU/u_slow_clk/count_reg[16]/C
Low Pulse Width   Slow    FDRE/C   n/a            0.500         5.000       4.500      SLICE_X54Y16   U_CPU/u_slow_clk/count_reg[0]/C
Low Pulse Width   Fast    FDRE/C   n/a            0.500         5.000       4.500      SLICE_X54Y16   U_CPU/u_slow_clk/count_reg[0]/C
Low Pulse Width   Slow    FDRE/C   n/a            0.500         5.000       4.500      SLICE_X55Y16   U_CPU/u_slow_clk/count_reg[1]/C
Low Pulse Width   Fast    FDRE/C   n/a            0.500         5.000       4.500      SLICE_X55Y16   U_CPU/u_slow_clk/count_reg[1]/C
Low Pulse Width   Slow    FDRE/C   n/a            0.500         5.000       4.500      SLICE_X55Y16   U_CPU/u_slow_clk/count_reg[2]/C
Low Pulse Width   Fast    FDRE/C   n/a            0.500         5.000       4.500      SLICE_X55Y16   U_CPU/u_slow_clk/count_reg[2]/C
Low Pulse Width   Slow    FDRE/C   n/a            0.500         5.000       4.500      SLICE_X55Y16   U_CPU/u_slow_clk/count_reg[3]/C
Low Pulse Width   Fast    FDRE/C   n/a            0.500         5.000       4.500      SLICE_X55Y16   U_CPU/u_slow_clk/count_reg[3]/C
Low Pulse Width   Slow    FDRE/C   n/a            0.500         5.000       4.500      SLICE_X55Y16   U_CPU/u_slow_clk/count_reg[4]/C
Low Pulse Width   Fast    FDRE/C   n/a            0.500         5.000       4.500      SLICE_X55Y16   U_CPU/u_slow_clk/count_reg[4]/C
High Pulse Width  Slow    FDRE/C   n/a            0.500         5.000       4.500      SLICE_X54Y20   U_CPU/u_slow_clk/clk_status_reg/C
High Pulse Width  Slow    FDRE/C   n/a            0.500         5.000       4.500      SLICE_X55Y19   U_CPU/u_slow_clk/count_reg[13]/C
High Pulse Width  Slow    FDRE/C   n/a            0.500         5.000       4.500      SLICE_X55Y19   U_CPU/u_slow_clk/count_reg[14]/C
High Pulse Width  Slow    FDRE/C   n/a            0.500         5.000       4.500      SLICE_X55Y19   U_CPU/u_slow_clk/count_reg[15]/C
High Pulse Width  Slow    FDRE/C   n/a            0.500         5.000       4.500      SLICE_X55Y19   U_CPU/u_slow_clk/count_reg[16]/C
High Pulse Width  Slow    FDRE/C   n/a            0.500         5.000       4.500      SLICE_X55Y20   U_CPU/u_slow_clk/count_reg[17]/C
High Pulse Width  Slow    FDRE/C   n/a            0.500         5.000       4.500      SLICE_X55Y20   U_CPU/u_slow_clk/count_reg[18]/C
High Pulse Width  Slow    FDRE/C   n/a            0.500         5.000       4.500      SLICE_X55Y20   U_CPU/u_slow_clk/count_reg[19]/C
High Pulse Width  Slow    FDRE/C   n/a            0.500         5.000       4.500      SLICE_X55Y20   U_CPU/u_slow_clk/count_reg[20]/C
High Pulse Width  Slow    FDRE/C   n/a            0.500         5.000       4.500      SLICE_X55Y21   U_CPU/u_slow_clk/count_reg[21]/C



